/*
 Navicat MySQL Data Transfer

 Source Server         : localhost_3306
 Source Server Type    : MySQL
 Source Server Version : 80026
 Source Host           : localhost:3306
 Source Schema         : timetable

 Target Server Type    : MySQL
 Target Server Version : 80026
 File Encoding         : 65001

 Date: 05/07/2022 16:49:13
*/

SET NAMES utf8mb4;
SET FOREIGN_KEY_CHECKS = 0;

-- ----------------------------
-- Table structure for sys_class
-- ----------------------------
DROP TABLE IF EXISTS `sys_class`;
CREATE TABLE `sys_class`  (
  `Class_id` int NOT NULL COMMENT '班级号',
  `college` varchar(255) CHARACTER SET utf8 COLLATE utf8_general_ci NULL DEFAULT NULL COMMENT '院系',
  `number` int NULL DEFAULT NULL COMMENT '班级人数',
  `Inyear` varchar(255) CHARACTER SET utf8 COLLATE utf8_general_ci NULL DEFAULT NULL COMMENT '入学年份',
  `Tid` int NULL DEFAULT NULL COMMENT '辅导员',
  PRIMARY KEY (`Class_id`) USING BTREE
) ENGINE = InnoDB CHARACTER SET = utf8 COLLATE = utf8_general_ci ROW_FORMAT = Dynamic;

-- ----------------------------
-- Records of sys_class
-- ----------------------------
INSERT INTO `sys_class` VALUES (20052210, '计算机学院', 20, '2022', 202204);
INSERT INTO `sys_class` VALUES (20052211, '计算机学院', 20, '2022', 202204);
INSERT INTO `sys_class` VALUES (20052212, '计算机学院', 20, '2022', 202204);
INSERT INTO `sys_class` VALUES (20062210, '自动化学院', 20, '2022', 200601);
INSERT INTO `sys_class` VALUES (20062211, '自动化学院', 20, '2022', 200601);

-- ----------------------------
-- Table structure for sys_classroom
-- ----------------------------
DROP TABLE IF EXISTS `sys_classroom`;
CREATE TABLE `sys_classroom`  (
  `Room_id` int NOT NULL AUTO_INCREMENT COMMENT '教室号',
  `capacity` int NOT NULL COMMENT '容量',
  `name` varchar(255) CHARACTER SET utf8 COLLATE utf8_general_ci NOT NULL COMMENT '教室地点',
  `state` int NOT NULL DEFAULT 0 COMMENT '状态',
  PRIMARY KEY (`Room_id`) USING BTREE
) ENGINE = InnoDB AUTO_INCREMENT = 1086 CHARACTER SET = utf8 COLLATE = utf8_general_ci ROW_FORMAT = Dynamic;

-- ----------------------------
-- Records of sys_classroom
-- ----------------------------
INSERT INTO `sys_classroom` VALUES (1001, 120, '七教302', 0);
INSERT INTO `sys_classroom` VALUES (1002, 55, '六教302', 0);
INSERT INTO `sys_classroom` VALUES (1003, 120, '六教418', 0);
INSERT INTO `sys_classroom` VALUES (1004, 120, '七教420', 0);
INSERT INTO `sys_classroom` VALUES (1005, 120, '七教408', 0);
INSERT INTO `sys_classroom` VALUES (1006, 120, '七教220', 0);
INSERT INTO `sys_classroom` VALUES (1007, 120, '六教207', 0);
INSERT INTO `sys_classroom` VALUES (1008, 120, '七教507', 0);
INSERT INTO `sys_classroom` VALUES (1009, 120, '七教202', 0);
INSERT INTO `sys_classroom` VALUES (1010, 120, '七教310', 0);
INSERT INTO `sys_classroom` VALUES (1011, 120, '一教225', 0);
INSERT INTO `sys_classroom` VALUES (1012, 120, '一教101', 0);
INSERT INTO `sys_classroom` VALUES (1013, 120, '一教102', 0);
INSERT INTO `sys_classroom` VALUES (1014, 120, '一教103', 0);
INSERT INTO `sys_classroom` VALUES (1015, 120, '一教104', 0);
INSERT INTO `sys_classroom` VALUES (1016, 120, '一教105', 0);
INSERT INTO `sys_classroom` VALUES (1017, 120, '一教106', 0);
INSERT INTO `sys_classroom` VALUES (1018, 120, '一教107', 0);
INSERT INTO `sys_classroom` VALUES (1019, 120, '一教108', 0);
INSERT INTO `sys_classroom` VALUES (1020, 120, '一教109', 0);
INSERT INTO `sys_classroom` VALUES (1021, 120, '一教110', 0);
INSERT INTO `sys_classroom` VALUES (1022, 120, '二教101', 0);
INSERT INTO `sys_classroom` VALUES (1023, 120, '二教102', 0);
INSERT INTO `sys_classroom` VALUES (1024, 120, '二教103', 0);
INSERT INTO `sys_classroom` VALUES (1025, 120, '二教104', 0);
INSERT INTO `sys_classroom` VALUES (1026, 120, '二教105', 0);
INSERT INTO `sys_classroom` VALUES (1027, 120, '二教106', 0);
INSERT INTO `sys_classroom` VALUES (1028, 120, '二教107', 0);
INSERT INTO `sys_classroom` VALUES (1029, 120, '二教108', 0);
INSERT INTO `sys_classroom` VALUES (1030, 120, '二教109', 0);
INSERT INTO `sys_classroom` VALUES (1031, 120, '二教110', 0);
INSERT INTO `sys_classroom` VALUES (1032, 120, '三教101', 0);
INSERT INTO `sys_classroom` VALUES (1033, 120, '三教102', 0);
INSERT INTO `sys_classroom` VALUES (1034, 120, '三教103', 0);
INSERT INTO `sys_classroom` VALUES (1035, 120, '三教104', 0);
INSERT INTO `sys_classroom` VALUES (1036, 120, '三教105', 0);
INSERT INTO `sys_classroom` VALUES (1037, 120, '三教205', 0);
INSERT INTO `sys_classroom` VALUES (1038, 120, '三教206', 0);
INSERT INTO `sys_classroom` VALUES (1039, 120, '三教207', 0);
INSERT INTO `sys_classroom` VALUES (1040, 120, '六教101', 0);
INSERT INTO `sys_classroom` VALUES (1041, 120, '六教102', 0);
INSERT INTO `sys_classroom` VALUES (1042, 120, '六教103', 0);
INSERT INTO `sys_classroom` VALUES (1043, 120, '六教104', 0);
INSERT INTO `sys_classroom` VALUES (1044, 120, '六教106', 0);
INSERT INTO `sys_classroom` VALUES (1045, 120, '六教201', 0);
INSERT INTO `sys_classroom` VALUES (1046, 120, '六教202', 0);
INSERT INTO `sys_classroom` VALUES (1047, 120, '六教203', 0);
INSERT INTO `sys_classroom` VALUES (1048, 120, '六教204', 0);
INSERT INTO `sys_classroom` VALUES (1049, 120, '六教301', 0);
INSERT INTO `sys_classroom` VALUES (1050, 120, '六教302', 0);
INSERT INTO `sys_classroom` VALUES (1051, 120, '六教303', 0);
INSERT INTO `sys_classroom` VALUES (1052, 120, '六教304', 0);
INSERT INTO `sys_classroom` VALUES (1053, 120, '六教305', 0);
INSERT INTO `sys_classroom` VALUES (1054, 120, '七教101', 0);
INSERT INTO `sys_classroom` VALUES (1055, 120, '七教102', 0);
INSERT INTO `sys_classroom` VALUES (1056, 120, '七教103', 0);
INSERT INTO `sys_classroom` VALUES (1057, 120, '七教104', 0);
INSERT INTO `sys_classroom` VALUES (1058, 120, '七教105', 0);
INSERT INTO `sys_classroom` VALUES (1059, 120, '七教106', 0);
INSERT INTO `sys_classroom` VALUES (1060, 120, '七教107', 0);
INSERT INTO `sys_classroom` VALUES (1061, 120, '七教201', 0);
INSERT INTO `sys_classroom` VALUES (1062, 120, '七教202', 0);
INSERT INTO `sys_classroom` VALUES (1063, 120, '七教203', 0);
INSERT INTO `sys_classroom` VALUES (1064, 120, '七教204', 0);
INSERT INTO `sys_classroom` VALUES (1065, 120, '七教205', 0);
INSERT INTO `sys_classroom` VALUES (1066, 120, '七教301', 0);
INSERT INTO `sys_classroom` VALUES (1067, 120, '七教302', 0);
INSERT INTO `sys_classroom` VALUES (1068, 120, '七教303', 0);
INSERT INTO `sys_classroom` VALUES (1069, 120, '七教304', 0);
INSERT INTO `sys_classroom` VALUES (1070, 120, '七教305', 0);
INSERT INTO `sys_classroom` VALUES (1071, 120, '十二教101', 0);
INSERT INTO `sys_classroom` VALUES (1072, 120, '十二教102', 0);
INSERT INTO `sys_classroom` VALUES (1073, 120, '十二教103', 0);
INSERT INTO `sys_classroom` VALUES (1074, 120, '十二教104', 0);
INSERT INTO `sys_classroom` VALUES (1075, 120, '十二教105', 0);
INSERT INTO `sys_classroom` VALUES (1076, 120, '十二教201', 0);
INSERT INTO `sys_classroom` VALUES (1077, 120, '十二教202', 0);
INSERT INTO `sys_classroom` VALUES (1078, 120, '十二教203', 0);
INSERT INTO `sys_classroom` VALUES (1079, 120, '十二教204', 0);
INSERT INTO `sys_classroom` VALUES (1080, 120, '十二教205', 0);
INSERT INTO `sys_classroom` VALUES (1081, 120, '十二教301', 0);
INSERT INTO `sys_classroom` VALUES (1082, 120, '十二教302', 0);
INSERT INTO `sys_classroom` VALUES (1083, 120, '十二教303', 0);
INSERT INTO `sys_classroom` VALUES (1084, 120, '十二教304', 0);
INSERT INTO `sys_classroom` VALUES (1085, 120, '十二教305', 0);

-- ----------------------------
-- Table structure for sys_course
-- ----------------------------
DROP TABLE IF EXISTS `sys_course`;
CREATE TABLE `sys_course`  (
  `Cid` int NOT NULL AUTO_INCREMENT COMMENT '课程号',
  `Cname` varchar(255) CHARACTER SET utf8 COLLATE utf8_general_ci NOT NULL COMMENT '课程名',
  `Credit` int NOT NULL COMMENT '学分',
  `period` int NOT NULL COMMENT '学时',
  PRIMARY KEY (`Cid`) USING BTREE
) ENGINE = InnoDB AUTO_INCREMENT = 87 CHARACTER SET = utf8 COLLATE = utf8_general_ci ROW_FORMAT = Dynamic;

-- ----------------------------
-- Records of sys_course
-- ----------------------------
INSERT INTO `sys_course` VALUES (1, '计算机组成原理', 4, 48);
INSERT INTO `sys_course` VALUES (2, '编译原理', 3, 48);
INSERT INTO `sys_course` VALUES (3, '计算机导论', 2, 32);
INSERT INTO `sys_course` VALUES (4, '程序设计课程实践', 1, 48);
INSERT INTO `sys_course` VALUES (5, '数据结构课程实践', 1, 48);
INSERT INTO `sys_course` VALUES (6, '数字电路课程设计', 2, 48);
INSERT INTO `sys_course` VALUES (7, '计算机组成原理课程设计（甲）', 2, 48);
INSERT INTO `sys_course` VALUES (8, '毛泽东思想和中国特色社会主义理论体系概论2', 2, 32);
INSERT INTO `sys_course` VALUES (9, '跨文化交际', 2, 32);
INSERT INTO `sys_course` VALUES (10, '工程经济学', 2, 32);
INSERT INTO `sys_course` VALUES (11, '体育-网球(男)', 1, 32);
INSERT INTO `sys_course` VALUES (12, '电路与电子学', 3, 48);
INSERT INTO `sys_course` VALUES (13, '工程伦理', 1, 16);
INSERT INTO `sys_course` VALUES (14, '形势与政策4', 1, 16);
INSERT INTO `sys_course` VALUES (15, 'C++面向对象程序设计', 3, 48);
INSERT INTO `sys_course` VALUES (16, '编译原理', 3, 48);
INSERT INTO `sys_course` VALUES (17, '3D打印技术与产品设计', 1, 32);
INSERT INTO `sys_course` VALUES (18, '3D虚拟现实技术', 2, 32);
INSERT INTO `sys_course` VALUES (19, 'ACM程序设计竞赛实训', 3, 48);
INSERT INTO `sys_course` VALUES (20, 'Android移动开发', 4, 48);
INSERT INTO `sys_course` VALUES (21, 'C语言程序设计', 4, 48);
INSERT INTO `sys_course` VALUES (22, 'DSP芯片原理与应用', 2, 32);
INSERT INTO `sys_course` VALUES (23, 'DSP与智能化系统', 3, 48);
INSERT INTO `sys_course` VALUES (24, 'EDA技术', 3, 48);
INSERT INTO `sys_course` VALUES (25, 'ERP系统原理', 3, 48);
INSERT INTO `sys_course` VALUES (26, 'Flash动画设计', 3, 48);
INSERT INTO `sys_course` VALUES (27, 'JAVA基础', 3, 48);
INSERT INTO `sys_course` VALUES (28, 'IOS移动开发', 4, 48);
INSERT INTO `sys_course` VALUES (29, 'Java程序设计', 3, 48);
INSERT INTO `sys_course` VALUES (30, 'Linux网络环境', 2, 32);
INSERT INTO `sys_course` VALUES (31, 'MATLAB与仿真', 2, 32);
INSERT INTO `sys_course` VALUES (32, 'PLC原理及应用', 2, 32);
INSERT INTO `sys_course` VALUES (33, 'Python金融数据分析', 2, 32);
INSERT INTO `sys_course` VALUES (34, 'Python数据分析', 3, 48);
INSERT INTO `sys_course` VALUES (35, 'Python语言程序设计实践', 1, 24);
INSERT INTO `sys_course` VALUES (36, 'WEB前端开发技术', 4, 48);
INSERT INTO `sys_course` VALUES (37, 'Web应用开发技术', 2, 32);
INSERT INTO `sys_course` VALUES (38, '操作系统（甲）', 4, 48);
INSERT INTO `sys_course` VALUES (39, '操作系统课程实践', 1, 24);
INSERT INTO `sys_course` VALUES (40, '操作系统原理', 5, 48);
INSERT INTO `sys_course` VALUES (41, '程序设计基础', 4, 48);
INSERT INTO `sys_course` VALUES (42, '创新实践1', 2, 32);
INSERT INTO `sys_course` VALUES (43, '大数据基础', 2, 32);
INSERT INTO `sys_course` VALUES (44, '大学生职业发展与就业指导1', 1, 16);
INSERT INTO `sys_course` VALUES (45, '计算机科学概论', 1, 32);
INSERT INTO `sys_course` VALUES (46, '计算机类学科导论', 1, 32);
INSERT INTO `sys_course` VALUES (47, '计算机视觉', 2, 32);
INSERT INTO `sys_course` VALUES (48, '计算机网络（甲）', 4, 48);
INSERT INTO `sys_course` VALUES (49, '计算机网络实验', 2, 32);
INSERT INTO `sys_course` VALUES (50, '可视计算基础', 3, 48);
INSERT INTO `sys_course` VALUES (51, '离散数学', 4, 48);
INSERT INTO `sys_course` VALUES (52, '离散数学2', 2, 32);
INSERT INTO `sys_course` VALUES (53, '嵌入式系统', 3, 48);
INSERT INTO `sys_course` VALUES (54, '区块链技术及应用开发', 4, 48);
INSERT INTO `sys_course` VALUES (55, '人工智能导论', 2, 32);
INSERT INTO `sys_course` VALUES (56, '软件工程', 2, 32);
INSERT INTO `sys_course` VALUES (57, '软件工程（甲）', 3, 48);
INSERT INTO `sys_course` VALUES (58, '软件工程开发实践', 2, 32);
INSERT INTO `sys_course` VALUES (59, '数据结构', 4, 48);
INSERT INTO `sys_course` VALUES (60, '数据结构课程实践', 1, 32);
INSERT INTO `sys_course` VALUES (61, '数据库系统原理', 3, 48);
INSERT INTO `sys_course` VALUES (62, '数据库系统原理课程设计', 1, 32);
INSERT INTO `sys_course` VALUES (63, '数据挖掘', 3, 48);
INSERT INTO `sys_course` VALUES (64, '数字电路课程设计', 2, 32);
INSERT INTO `sys_course` VALUES (65, '数字电路设计', 3, 48);
INSERT INTO `sys_course` VALUES (66, '数字图像处理', 2, 32);
INSERT INTO `sys_course` VALUES (67, '算法分析与设计', 3, 48);
INSERT INTO `sys_course` VALUES (68, '自然语言处理', 2, 32);
INSERT INTO `sys_course` VALUES (69, '大学军事', 2, 32);
INSERT INTO `sys_course` VALUES (70, '大学生心理健康教育', 2, 32);
INSERT INTO `sys_course` VALUES (71, '电机学', 3, 48);
INSERT INTO `sys_course` VALUES (72, '电路原理', 2, 32);
INSERT INTO `sys_course` VALUES (73, '电气工程技术', 2, 32);
INSERT INTO `sys_course` VALUES (74, '工程图学', 2, 32);
INSERT INTO `sys_course` VALUES (75, '机器学习', 2, 32);
INSERT INTO `sys_course` VALUES (76, '机器学习Ⅱ', 3, 48);
INSERT INTO `sys_course` VALUES (77, '计算机基础 1', 2, 32);
INSERT INTO `sys_course` VALUES (78, '计算机网络技术', 2, 32);
INSERT INTO `sys_course` VALUES (79, '临床医学与工程', 2, 32);
INSERT INTO `sys_course` VALUES (80, '深度学习', 2, 32);
INSERT INTO `sys_course` VALUES (81, '生物材料学', 2, 32);
INSERT INTO `sys_course` VALUES (82, '生物化学', 3, 48);
INSERT INTO `sys_course` VALUES (83, '数字生产基础', 2, 32);
INSERT INTO `sys_course` VALUES (84, '微机原理与接口技术', 4, 48);
INSERT INTO `sys_course` VALUES (85, '现代控制理论', 2, 32);
INSERT INTO `sys_course` VALUES (86, '智能传感技术', 2, 32);

-- ----------------------------
-- Table structure for sys_permission
-- ----------------------------
DROP TABLE IF EXISTS `sys_permission`;
CREATE TABLE `sys_permission`  (
  `id` bigint NOT NULL AUTO_INCREMENT COMMENT '权限编号',
  `label` varchar(50) CHARACTER SET utf8 COLLATE utf8_general_ci NULL DEFAULT NULL COMMENT '权限名称',
  `parent_id` bigint NULL DEFAULT NULL COMMENT '父权限ID',
  `parent_name` varchar(50) CHARACTER SET utf8 COLLATE utf8_general_ci NULL DEFAULT NULL COMMENT '父权限名称',
  `code` varchar(50) CHARACTER SET utf8 COLLATE utf8_general_ci NULL DEFAULT NULL COMMENT '授权标识符',
  `path` varchar(100) CHARACTER SET utf8 COLLATE utf8_general_ci NULL DEFAULT NULL COMMENT '路由地址',
  `name` varchar(50) CHARACTER SET utf8 COLLATE utf8_general_ci NULL DEFAULT NULL COMMENT '路由名称',
  `url` varchar(100) CHARACTER SET utf8 COLLATE utf8_general_ci NULL DEFAULT NULL COMMENT '授权路径',
  `type` tinyint NULL DEFAULT NULL COMMENT '权限类型(0-目录 1-菜单 2-按钮)',
  `icon` varchar(50) CHARACTER SET utf8 COLLATE utf8_general_ci NULL DEFAULT NULL COMMENT '图标',
  `order_num` int NULL DEFAULT NULL COMMENT '排序',
  `is_delete` tinyint NULL DEFAULT 0 COMMENT '是否删除(0-未删除，1-已删除)',
  PRIMARY KEY (`id`) USING BTREE
) ENGINE = InnoDB AUTO_INCREMENT = 58 CHARACTER SET = utf8 COLLATE = utf8_general_ci ROW_FORMAT = Dynamic;

-- ----------------------------
-- Records of sys_permission
-- ----------------------------
INSERT INTO `sys_permission` VALUES (1, '系统管理', 0, '顶级菜单', 'sys:manager', '/system', 'system', '/system/system', 0, 'el-icon-menu', 0, 0);
INSERT INTO `sys_permission` VALUES (6, '用户管理', 1, '系统管理', 'sys:user', '/userList', 'userList', '/system/user/userList', 1, 'el-icon-s-custom', NULL, 0);
INSERT INTO `sys_permission` VALUES (7, '新增', 6, '用户管理', 'sys:user:add', NULL, NULL, NULL, 2, 'el-icon-plus', NULL, 0);
INSERT INTO `sys_permission` VALUES (8, '修改', 6, '用户管理', 'sys:user:edit', NULL, NULL, NULL, 2, 'el-icon-edit', NULL, 0);
INSERT INTO `sys_permission` VALUES (9, '删除', 6, '用户管理', 'sys:user:delete', NULL, NULL, NULL, 2, 'el-icon-delete', NULL, 0);
INSERT INTO `sys_permission` VALUES (10, '角色管理', 1, '系统管理', 'sys:role', '/roleList', 'roleList', '/system/role/roleList', 1, 'el-icon-s-tools', NULL, 0);
INSERT INTO `sys_permission` VALUES (11, '新增', 10, '角色管理', 'sys:role:add', NULL, NULL, NULL, 2, 'el-icon-plus', NULL, 0);
INSERT INTO `sys_permission` VALUES (12, '修改', 10, '角色管理', 'sys:role:edit', NULL, NULL, NULL, 2, 'el-icon-edit', NULL, 0);
INSERT INTO `sys_permission` VALUES (13, '删除', 10, '角色管理', 'sys:role:delete', NULL, NULL, NULL, 2, 'el-icon-delete', NULL, 0);
INSERT INTO `sys_permission` VALUES (14, '菜单管理', 1, '系统管理', 'sys:menu', '/menuList', 'menuList', '/system/menu/menuList', 1, 'el-icon-s-tools', NULL, 0);
INSERT INTO `sys_permission` VALUES (15, '新增', 14, '权限管理', 'sys:menu:add', NULL, NULL, NULL, 2, 'el-icon-plus', NULL, 0);
INSERT INTO `sys_permission` VALUES (16, '修改', 14, '权限管理', 'sys:menu:edit', NULL, NULL, NULL, 2, 'el-icon-edit', NULL, 0);
INSERT INTO `sys_permission` VALUES (17, '删除', 14, '权限管理', 'sys:menu:delete', NULL, NULL, NULL, 2, 'el-icon-delete', NULL, 0);
INSERT INTO `sys_permission` VALUES (23, '分配角色', 6, '用户管理', 'sys:user:assign', '', '', '', 2, 'el-icon-setting', NULL, 0);
INSERT INTO `sys_permission` VALUES (24, '分配权限', 10, '角色管理', 'sys:role:assign', '', '', '', 2, 'el-icon-setting', NULL, 0);
INSERT INTO `sys_permission` VALUES (26, '查询', 6, '用户管理', 'sys:user:select', '', '', '', 2, 'el-icon-search', NULL, 0);
INSERT INTO `sys_permission` VALUES (27, '查询', 10, '角色管理', 'sys:role:select', '', '', '', 2, 'el-icon-search', NULL, 0);
INSERT INTO `sys_permission` VALUES (28, '查询', 14, '菜单管理', 'sys:menu:select', '', '', '', 2, 'el-icon-search', NULL, 0);
INSERT INTO `sys_permission` VALUES (31, '班级信息管理', 32, '基本信息管理', 'info:class', 'classList', 'classList', '/info/class/classList', 1, 'el-icon-user-solid', 1, 0);
INSERT INTO `sys_permission` VALUES (32, '基本信息管理', 0, '顶级菜单', 'info', '/info', 'info', '/info/info', 0, 'el-icon-menu', 2, 0);
INSERT INTO `sys_permission` VALUES (33, '教室信息管理', 32, '基本信息管理', 'info:classroom', 'classroomList', 'classroomList', '/info/classroom/classroomList', 1, 'el-icon-office-building', 2, 0);
INSERT INTO `sys_permission` VALUES (34, '课程信息管理', 32, '基本信息管理', 'info:course', 'courseList', 'courseList', '/info/course/courseList', 1, 'el-icon-s-data', 3, 0);
INSERT INTO `sys_permission` VALUES (35, '新增', 31, '班级信息管理', 'info:class:add', '', '', '', 2, 'el-icon-plus', 1, 0);
INSERT INTO `sys_permission` VALUES (36, '修改', 31, '班级信息管理', 'info:class:edit', '', '', '', 2, 'el-icon-edit', 2, 0);
INSERT INTO `sys_permission` VALUES (37, '删除', 31, '班级信息管理', 'info:class:delete', '', '', '', 2, 'el-icon-delete', 3, 0);
INSERT INTO `sys_permission` VALUES (38, '新增', 33, '教室信息管理', 'info:classroom:add', '', '', '', 2, 'el-icon-plus', 1, 0);
INSERT INTO `sys_permission` VALUES (39, '修改', 33, '教室信息管理', 'info:classroom:edit', '', '', '', 2, 'el-icon-edit', 2, 0);
INSERT INTO `sys_permission` VALUES (40, '删除', 33, '教室信息管理', 'info:classroom:delete', '', '', '', 2, 'el-icon-delete', 3, 0);
INSERT INTO `sys_permission` VALUES (41, '新增', 34, '课程信息管理', 'info:course:add', '', '', '', 2, 'el-icon-plus', 1, 0);
INSERT INTO `sys_permission` VALUES (42, '修改', 34, '课程信息管理', 'info:course:edit', '', '', '', 2, 'el-icon-edit', 2, 0);
INSERT INTO `sys_permission` VALUES (43, '删除', 34, '课程信息管理', 'info:course:delete', '', '', '', 2, 'el-icon-delete', 3, 0);
INSERT INTO `sys_permission` VALUES (44, '学生中心', 0, '顶级菜单', 'stu', '/stu', '', '', 0, 'el-icon-user-solid', 4, 0);
INSERT INTO `sys_permission` VALUES (45, '教师中心', 0, '顶级菜单', 'tch', '/tch', '', '', 0, 'el-icon-user-solid', 5, 0);
INSERT INTO `sys_permission` VALUES (46, '查询', 47, '课表查询', 'stu:timetable:select', '', '', '', 2, 'el-icon-search', 1, 0);
INSERT INTO `sys_permission` VALUES (47, '课表查询', 44, '学生中心', 'stu:timetable', 'timetableList', 'timetableList', '/stu/timetable/timetableList', 1, 'el-icon-s-grid', 2, 0);
INSERT INTO `sys_permission` VALUES (48, '课表查询', 45, '教师中心', 'tch:timetable', 'timetableList', 'timetableList', '/tch/timetable/timetableList', 1, 'el-icon-s-grid', 2, 0);
INSERT INTO `sys_permission` VALUES (49, '班级查询', 49, '教师中心', 'tch:class', 'classList', 'classList', '/tch/class/classList', 1, 'el-icon-menu', 2, 0);
INSERT INTO `sys_permission` VALUES (50, '查询', 48, '课表查询', 'tch:timetable:select', '', '', '', 2, 'el-icon-search', 1, 0);
INSERT INTO `sys_permission` VALUES (51, '查询', 56, '班级查询', 'tch:class:select', '', '', '', 2, 'el-icon-search', 1, 0);
INSERT INTO `sys_permission` VALUES (52, '选课信息管理', 32, '基本信息管理', 'info:timetable', 'timetableList', 'timetableList', '/info/timetable/timetableList', 1, 'el-icon-s-data', 4, 0);
INSERT INTO `sys_permission` VALUES (53, '新增', 52, '选课信息管理', 'info:timetable:add', '', '', '', 2, 'el-icon-plus', 1, 0);
INSERT INTO `sys_permission` VALUES (54, '修改', 52, '选课信息管理', 'info:timetable:edit', '', '', '', 2, 'el-icon-edit', 2, 0);
INSERT INTO `sys_permission` VALUES (55, '删除', 52, '选课信息管理', 'info:timetable:delete', '', '', '', 2, 'el-icon-delete', 3, 0);
INSERT INTO `sys_permission` VALUES (56, '班级查询', 45, '教师中心', 'tch:class', 'classList', 'classList', '/tch/class/classList', 1, 'el-icon-s-grid', 3, 0);
INSERT INTO `sys_permission` VALUES (57, '学生查询', 45, '教师中心', 'tch:stu', 'stuList', 'stuList', '/tch/stu/stuList', 1, 'el-icon-s-grid', 4, 0);

-- ----------------------------
-- Table structure for sys_role
-- ----------------------------
DROP TABLE IF EXISTS `sys_role`;
CREATE TABLE `sys_role`  (
  `id` int NOT NULL AUTO_INCREMENT COMMENT '角色ID',
  `code` varchar(255) CHARACTER SET utf8 COLLATE utf8_general_ci NULL DEFAULT NULL COMMENT '角色代码',
  `name` varchar(255) CHARACTER SET utf8 COLLATE utf8_general_ci NULL DEFAULT NULL COMMENT '角色名称',
  PRIMARY KEY (`id`) USING BTREE
) ENGINE = InnoDB AUTO_INCREMENT = 8 CHARACTER SET = utf8 COLLATE = utf8_general_ci ROW_FORMAT = Dynamic;

-- ----------------------------
-- Records of sys_role
-- ----------------------------
INSERT INTO `sys_role` VALUES (1, 'ROLE_SYSTEM', '超级管理员');
INSERT INTO `sys_role` VALUES (2, 'ROLE_SYSTEM', '系统管理员');
INSERT INTO `sys_role` VALUES (4, 'ROLE_STUDENT', '普通学生');
INSERT INTO `sys_role` VALUES (6, 'ROLE_TEACHER', '普通教师');
INSERT INTO `sys_role` VALUES (7, 'ROLE_ASSISTANT', '辅导员');

-- ----------------------------
-- Table structure for sys_role_permission
-- ----------------------------
DROP TABLE IF EXISTS `sys_role_permission`;
CREATE TABLE `sys_role_permission`  (
  `role_Id` bigint NOT NULL COMMENT '角色ID',
  `permission_Id` bigint NOT NULL COMMENT '权限ID'
) ENGINE = InnoDB CHARACTER SET = utf8 COLLATE = utf8_general_ci ROW_FORMAT = Dynamic;

-- ----------------------------
-- Records of sys_role_permission
-- ----------------------------
INSERT INTO `sys_role_permission` VALUES (4, 44);
INSERT INTO `sys_role_permission` VALUES (4, 47);
INSERT INTO `sys_role_permission` VALUES (4, 46);
INSERT INTO `sys_role_permission` VALUES (6, 48);
INSERT INTO `sys_role_permission` VALUES (6, 50);
INSERT INTO `sys_role_permission` VALUES (6, 45);
INSERT INTO `sys_role_permission` VALUES (1, 1);
INSERT INTO `sys_role_permission` VALUES (1, 6);
INSERT INTO `sys_role_permission` VALUES (1, 7);
INSERT INTO `sys_role_permission` VALUES (1, 8);
INSERT INTO `sys_role_permission` VALUES (1, 9);
INSERT INTO `sys_role_permission` VALUES (1, 23);
INSERT INTO `sys_role_permission` VALUES (1, 26);
INSERT INTO `sys_role_permission` VALUES (1, 10);
INSERT INTO `sys_role_permission` VALUES (1, 11);
INSERT INTO `sys_role_permission` VALUES (1, 12);
INSERT INTO `sys_role_permission` VALUES (1, 13);
INSERT INTO `sys_role_permission` VALUES (1, 24);
INSERT INTO `sys_role_permission` VALUES (1, 27);
INSERT INTO `sys_role_permission` VALUES (1, 14);
INSERT INTO `sys_role_permission` VALUES (1, 15);
INSERT INTO `sys_role_permission` VALUES (1, 16);
INSERT INTO `sys_role_permission` VALUES (1, 17);
INSERT INTO `sys_role_permission` VALUES (1, 28);
INSERT INTO `sys_role_permission` VALUES (1, 32);
INSERT INTO `sys_role_permission` VALUES (1, 31);
INSERT INTO `sys_role_permission` VALUES (1, 35);
INSERT INTO `sys_role_permission` VALUES (1, 36);
INSERT INTO `sys_role_permission` VALUES (1, 37);
INSERT INTO `sys_role_permission` VALUES (1, 33);
INSERT INTO `sys_role_permission` VALUES (1, 38);
INSERT INTO `sys_role_permission` VALUES (1, 39);
INSERT INTO `sys_role_permission` VALUES (1, 40);
INSERT INTO `sys_role_permission` VALUES (1, 34);
INSERT INTO `sys_role_permission` VALUES (1, 41);
INSERT INTO `sys_role_permission` VALUES (1, 42);
INSERT INTO `sys_role_permission` VALUES (1, 43);
INSERT INTO `sys_role_permission` VALUES (1, 52);
INSERT INTO `sys_role_permission` VALUES (1, 53);
INSERT INTO `sys_role_permission` VALUES (1, 54);
INSERT INTO `sys_role_permission` VALUES (1, 55);
INSERT INTO `sys_role_permission` VALUES (2, 1);
INSERT INTO `sys_role_permission` VALUES (2, 6);
INSERT INTO `sys_role_permission` VALUES (2, 7);
INSERT INTO `sys_role_permission` VALUES (2, 8);
INSERT INTO `sys_role_permission` VALUES (2, 9);
INSERT INTO `sys_role_permission` VALUES (2, 23);
INSERT INTO `sys_role_permission` VALUES (2, 26);
INSERT INTO `sys_role_permission` VALUES (2, 10);
INSERT INTO `sys_role_permission` VALUES (2, 11);
INSERT INTO `sys_role_permission` VALUES (2, 12);
INSERT INTO `sys_role_permission` VALUES (2, 13);
INSERT INTO `sys_role_permission` VALUES (2, 24);
INSERT INTO `sys_role_permission` VALUES (2, 27);
INSERT INTO `sys_role_permission` VALUES (2, 14);
INSERT INTO `sys_role_permission` VALUES (2, 15);
INSERT INTO `sys_role_permission` VALUES (2, 16);
INSERT INTO `sys_role_permission` VALUES (2, 17);
INSERT INTO `sys_role_permission` VALUES (2, 28);
INSERT INTO `sys_role_permission` VALUES (2, 32);
INSERT INTO `sys_role_permission` VALUES (2, 31);
INSERT INTO `sys_role_permission` VALUES (2, 35);
INSERT INTO `sys_role_permission` VALUES (2, 36);
INSERT INTO `sys_role_permission` VALUES (2, 37);
INSERT INTO `sys_role_permission` VALUES (2, 33);
INSERT INTO `sys_role_permission` VALUES (2, 38);
INSERT INTO `sys_role_permission` VALUES (2, 39);
INSERT INTO `sys_role_permission` VALUES (2, 40);
INSERT INTO `sys_role_permission` VALUES (2, 34);
INSERT INTO `sys_role_permission` VALUES (2, 41);
INSERT INTO `sys_role_permission` VALUES (2, 42);
INSERT INTO `sys_role_permission` VALUES (2, 43);
INSERT INTO `sys_role_permission` VALUES (2, 52);
INSERT INTO `sys_role_permission` VALUES (2, 53);
INSERT INTO `sys_role_permission` VALUES (2, 54);
INSERT INTO `sys_role_permission` VALUES (2, 55);
INSERT INTO `sys_role_permission` VALUES (2, 44);
INSERT INTO `sys_role_permission` VALUES (2, 47);
INSERT INTO `sys_role_permission` VALUES (2, 46);
INSERT INTO `sys_role_permission` VALUES (7, 45);
INSERT INTO `sys_role_permission` VALUES (7, 48);
INSERT INTO `sys_role_permission` VALUES (7, 50);
INSERT INTO `sys_role_permission` VALUES (7, 56);
INSERT INTO `sys_role_permission` VALUES (7, 51);
INSERT INTO `sys_role_permission` VALUES (7, 57);

-- ----------------------------
-- Table structure for sys_stu
-- ----------------------------
DROP TABLE IF EXISTS `sys_stu`;
CREATE TABLE `sys_stu`  (
  `Sno` int NOT NULL COMMENT '学生学号',
  `Sname` varchar(255) CHARACTER SET utf8 COLLATE utf8_general_ci NOT NULL COMMENT '学生姓名',
  `Ssex` char(1) CHARACTER SET utf8 COLLATE utf8_general_ci NOT NULL COMMENT '学生性别',
  `Sclass` int NOT NULL COMMENT '所在班级',
  `Scollege` varchar(255) CHARACTER SET utf8 COLLATE utf8_general_ci NOT NULL COMMENT '所在学院',
  `Sphone` varchar(255) CHARACTER SET utf8 COLLATE utf8_general_ci NOT NULL COMMENT '学生电话',
  `remark` varchar(255) CHARACTER SET utf8 COLLATE utf8_general_ci NULL DEFAULT NULL COMMENT '备注',
  PRIMARY KEY (`Sno`) USING BTREE
) ENGINE = InnoDB CHARACTER SET = utf8 COLLATE = utf8_general_ci ROW_FORMAT = Dynamic;

-- ----------------------------
-- Records of sys_stu
-- ----------------------------
INSERT INTO `sys_stu` VALUES (20051001, '郭山彤', '男', 20052210, '计算机学院', '18720051001', '学生');
INSERT INTO `sys_stu` VALUES (20051002, '梁敦厦', '男', 20052210, '计算机学院', '18720051002', '学生');
INSERT INTO `sys_stu` VALUES (20051003, '霍负浪', '男', 20052210, '计算机学院', '18720051003', '学生');
INSERT INTO `sys_stu` VALUES (20051004, '虞信品', '男', 20052210, '计算机学院', '18720051004', '学生');
INSERT INTO `sys_stu` VALUES (20051005, '马仁毅', '男', 20052210, '计算机学院', '18720051005', '学生');
INSERT INTO `sys_stu` VALUES (20051006, '冯州龙', '男', 20052210, '计算机学院', '18720051006', '学生');
INSERT INTO `sys_stu` VALUES (20051007, '简务帅', '男', 20052210, '计算机学院', '18720051007', '学生');
INSERT INTO `sys_stu` VALUES (20051008, '黎丙赣', '男', 20052210, '计算机学院', '18720051008', '学生');
INSERT INTO `sys_stu` VALUES (20051009, '谢尉争', '男', 20052210, '计算机学院', '18720051009', '学生');
INSERT INTO `sys_stu` VALUES (20051010, '赵单羽', '男', 20052210, '计算机学院', '18720051010', '学生');
INSERT INTO `sys_stu` VALUES (20051011, '孟航沛', '男', 20052210, '计算机学院', '18720051011', '学生');
INSERT INTO `sys_stu` VALUES (20051012, '龚开梦', '男', 20052210, '计算机学院', '18720051012', '学生');
INSERT INTO `sys_stu` VALUES (20051013, '黄蓝风', '男', 20052210, '计算机学院', '18720051013', '学生');
INSERT INTO `sys_stu` VALUES (20051014, '易堃登', '男', 20052210, '计算机学院', '18720051014', '学生');
INSERT INTO `sys_stu` VALUES (20051015, '蔡农仲', '男', 20052210, '计算机学院', '18720051015', '学生');
INSERT INTO `sys_stu` VALUES (20051016, '巫家昱', '男', 20052210, '计算机学院', '18720051016', '学生');
INSERT INTO `sys_stu` VALUES (20051017, '赵道霄', '男', 20052210, '计算机学院', '18720051017', '学生');
INSERT INTO `sys_stu` VALUES (20051018, '章学共', '男', 20052210, '计算机学院', '18720051018', '学生');
INSERT INTO `sys_stu` VALUES (20051019, '乐武亮', '男', 20052210, '计算机学院', '18720051019', '学生');
INSERT INTO `sys_stu` VALUES (20051020, '费宜鸿', '男', 20052210, '计算机学院', '18720051020', '学生');
INSERT INTO `sys_stu` VALUES (20051101, '张津广', '男', 20052211, '计算机学院', '15620051101', '学生');
INSERT INTO `sys_stu` VALUES (20051102, '梁胤鸣', '男', 20052211, '计算机学院', '15620051102', '学生');
INSERT INTO `sys_stu` VALUES (20051103, '吕聪', '男', 20052211, '计算机学院', '15620051103', '学生');
INSERT INTO `sys_stu` VALUES (20051104, '蒋进如', '男', 20052211, '计算机学院', '15620051104', '学生');
INSERT INTO `sys_stu` VALUES (20051105, '林豪谱', '男', 20052211, '计算机学院', '15620051105', '学生');
INSERT INTO `sys_stu` VALUES (20051106, '郭山彤', '男', 20052211, '计算机学院', '18720051106', '学生');
INSERT INTO `sys_stu` VALUES (20051107, '魏成贯', '男', 20052211, '计算机学院', '15620051107', '学生');
INSERT INTO `sys_stu` VALUES (20051108, '卫耿羿', '男', 20052211, '计算机学院', '15620051108', '学生');
INSERT INTO `sys_stu` VALUES (20051109, '谢协湃', '男', 20052211, '计算机学院', '15620051109', '学生');
INSERT INTO `sys_stu` VALUES (20051110, '岑刚飘', '男', 20052211, '计算机学院', '15620051110', '学生');
INSERT INTO `sys_stu` VALUES (20051111, '吴资龙', '男', 20052211, '计算机学院', '15620051111', '学生');
INSERT INTO `sys_stu` VALUES (20051112, '陈仓翼', '男', 20052211, '计算机学院', '15620051112', '学生');
INSERT INTO `sys_stu` VALUES (20051113, '刘枝迟', '男', 20052211, '计算机学院', '15620051113', '学生');
INSERT INTO `sys_stu` VALUES (20051114, '尤帅齐', '男', 20052211, '计算机学院', '15620051114', '学生');
INSERT INTO `sys_stu` VALUES (20051115, '孙彩武', '男', 20052211, '计算机学院', '15620051115', '学生');
INSERT INTO `sys_stu` VALUES (20051116, '陈莉汐', '男', 20052211, '计算机学院', '15620051116', '学生');
INSERT INTO `sys_stu` VALUES (20051117, '程欢亭', '男', 20052211, '计算机学院', '15620051117', '学生');
INSERT INTO `sys_stu` VALUES (20051118, '邬肖任', '男', 20052211, '计算机学院', '15620051118', '学生');
INSERT INTO `sys_stu` VALUES (20051119, '尤政航', '男', 20052211, '计算机学院', '15620051119', '学生');
INSERT INTO `sys_stu` VALUES (20051120, '颜东鑫', '男', 20052211, '计算机学院', '15620051120', '学生');
INSERT INTO `sys_stu` VALUES (20051201, '欧有皆', '男', 20052212, '计算机学院', '15620051201', '学生');
INSERT INTO `sys_stu` VALUES (20051202, '高季晨', '男', 20052212, '计算机学院', '15620051202', '学生');
INSERT INTO `sys_stu` VALUES (20051203, '孙奎汝', '男', 20052212, '计算机学院', '15620051203', '学生');
INSERT INTO `sys_stu` VALUES (20051204, '龚韶釜', '男', 20052212, '计算机学院', '15620051204', '学生');
INSERT INTO `sys_stu` VALUES (20051205, '费汐家', '男', 20052212, '计算机学院', '15620051205', '学生');
INSERT INTO `sys_stu` VALUES (20051206, '钱铮友', '男', 20052212, '计算机学院', '15620051206', '学生');
INSERT INTO `sys_stu` VALUES (20051207, '沈锵良', '男', 20052212, '计算机学院', '15620051207', '学生');
INSERT INTO `sys_stu` VALUES (20051208, '傅利', '男', 20052212, '计算机学院', '15620051208', '学生');
INSERT INTO `sys_stu` VALUES (20051209, '雷友水', '男', 20052212, '计算机学院', '15620051209', '学生');
INSERT INTO `sys_stu` VALUES (20051210, '庄蒙少', '男', 20052212, '计算机学院', '15620051210', '学生');
INSERT INTO `sys_stu` VALUES (20051211, '陈茗卓', '男', 20052212, '计算机学院', '15620051211', '学生');
INSERT INTO `sys_stu` VALUES (20051212, '梁兴力', '男', 20052212, '计算机学院', '15620051212', '学生');
INSERT INTO `sys_stu` VALUES (20051213, '欧谱班', '男', 20052212, '计算机学院', '15620051213', '学生');
INSERT INTO `sys_stu` VALUES (20051214, '史霄灼', '男', 20052212, '计算机学院', '15620051214', '学生');
INSERT INTO `sys_stu` VALUES (20051215, '柳庭沛', '男', 20052212, '计算机学院', '15620051215', '学生');
INSERT INTO `sys_stu` VALUES (20051216, '宁儒熙', '男', 20052212, '计算机学院', '15620051216', '学生');
INSERT INTO `sys_stu` VALUES (20051217, '吴越潇', '男', 20052212, '计算机学院', '15620051217', '学生');
INSERT INTO `sys_stu` VALUES (20051218, '刘中舟', '男', 20052212, '计算机学院', '15620051218', '学生');
INSERT INTO `sys_stu` VALUES (20051219, '曹讯波', '男', 20052212, '计算机学院', '15620051219', '学生');
INSERT INTO `sys_stu` VALUES (20051220, '王封安', '男', 20052212, '计算机学院', '15620051220', '学生');
INSERT INTO `sys_stu` VALUES (20061001, '李敬辰', '男', 20062210, '自动化学院', '18720061001', '学生');
INSERT INTO `sys_stu` VALUES (20061002, '李生锦', '男', 20062210, '自动化学院', '18720061002', '学生');
INSERT INTO `sys_stu` VALUES (20061003, '李霏朋', '男', 20062210, '自动化学院', '18720061003', '学生');
INSERT INTO `sys_stu` VALUES (20061004, '李奕尧', '男', 20062210, '自动化学院', '18720061004', '学生');
INSERT INTO `sys_stu` VALUES (20061005, '李哲斌', '男', 20062210, '自动化学院', '18720061005', '学生');
INSERT INTO `sys_stu` VALUES (20061006, '李友梁', '男', 20062210, '自动化学院', '18720061006', '学生');
INSERT INTO `sys_stu` VALUES (20061007, '李廷颂', '男', 20062210, '自动化学院', '18720061007', '学生');
INSERT INTO `sys_stu` VALUES (20061008, '李豪盛', '男', 20062210, '自动化学院', '18720061008', '学生');
INSERT INTO `sys_stu` VALUES (20061009, '李泽康', '男', 20062210, '自动化学院', '18720061009', '学生');
INSERT INTO `sys_stu` VALUES (20061010, '李尊斌', '男', 20062210, '自动化学院', '18720061010', '学生');
INSERT INTO `sys_stu` VALUES (20061011, '李宇中', '男', 20062210, '自动化学院', '18720061011', '学生');
INSERT INTO `sys_stu` VALUES (20061012, '张冠升', '男', 20062210, '自动化学院', '18720061012', '学生');
INSERT INTO `sys_stu` VALUES (20061013, '张若敬', '男', 20062210, '自动化学院', '18720061013', '学生');
INSERT INTO `sys_stu` VALUES (20061014, '张德泽', '男', 20062210, '自动化学院', '18720061014', '学生');
INSERT INTO `sys_stu` VALUES (20061015, '张劲宇', '男', 20062210, '自动化学院', '18720061015', '学生');
INSERT INTO `sys_stu` VALUES (20061016, '张信生', '男', 20062210, '自动化学院', '18720061016', '学生');
INSERT INTO `sys_stu` VALUES (20061017, '张正霏', '男', 20062210, '自动化学院', '18720061017', '学生');
INSERT INTO `sys_stu` VALUES (20061018, '张麟佳', '男', 20062210, '自动化学院', '18720061018', '学生');
INSERT INTO `sys_stu` VALUES (20061019, '张聪升', '男', 20062210, '自动化学院', '18720061019', '学生');
INSERT INTO `sys_stu` VALUES (20061020, '张宇聪', '男', 20062210, '自动化学院', '18720061020', '学生');
INSERT INTO `sys_stu` VALUES (20061101, '李成畅', '男', 20062211, '自动化学院', '18720061101', '学生');
INSERT INTO `sys_stu` VALUES (20061102, '李伟山', '男', 20062211, '自动化学院', '18720061102', '学生');
INSERT INTO `sys_stu` VALUES (20061103, '李金儒', '男', 20062211, '自动化学院', '18720061103', '学生');
INSERT INTO `sys_stu` VALUES (20061104, '李雷乐', '男', 20062211, '自动化学院', '18720061104', '学生');
INSERT INTO `sys_stu` VALUES (20061105, '李雷善', '男', 20062211, '自动化学院', '18720061105', '学生');
INSERT INTO `sys_stu` VALUES (20061106, '李曦树', '男', 20062211, '自动化学院', '18720061106', '学生');
INSERT INTO `sys_stu` VALUES (20061107, '李键大', '男', 20062211, '自动化学院', '18720061107', '学生');
INSERT INTO `sys_stu` VALUES (20061108, '李力以', '男', 20062211, '自动化学院', '18720061108', '学生');
INSERT INTO `sys_stu` VALUES (20061109, '李嘉志', '男', 20062211, '自动化学院', '18720061109', '学生');
INSERT INTO `sys_stu` VALUES (20061110, '李隽元', '男', 20062211, '自动化学院', '18720061110', '学生');
INSERT INTO `sys_stu` VALUES (20061111, '李林瀚', '男', 20062211, '自动化学院', '18720061111', '学生');
INSERT INTO `sys_stu` VALUES (20061112, '李广权', '男', 20062211, '自动化学院', '18720061112', '学生');
INSERT INTO `sys_stu` VALUES (20061113, '王驹乐', '男', 20062211, '自动化学院', '18720061113', '学生');
INSERT INTO `sys_stu` VALUES (20061114, '王晏毅', '男', 20062211, '自动化学院', '18720061114', '学生');
INSERT INTO `sys_stu` VALUES (20061115, '王友雨', '男', 20062211, '自动化学院', '18720061115', '学生');
INSERT INTO `sys_stu` VALUES (20061116, '王青广', '男', 20062211, '自动化学院', '18720061116', '学生');
INSERT INTO `sys_stu` VALUES (20061117, '王锌宁', '男', 20062211, '自动化学院', '18720061117', '学生');
INSERT INTO `sys_stu` VALUES (20061118, '王虹劲', '男', 20062211, '自动化学院', '18720061118', '学生');
INSERT INTO `sys_stu` VALUES (20061119, '王驰伦', '男', 20062211, '自动化学院', '18720061119', '学生');
INSERT INTO `sys_stu` VALUES (20061120, '王朗宗', '男', 20062211, '自动化学院', '18720061120', '学生');

-- ----------------------------
-- Table structure for sys_tch
-- ----------------------------
DROP TABLE IF EXISTS `sys_tch`;
CREATE TABLE `sys_tch`  (
  `Tno` int NOT NULL COMMENT '教师工号',
  `Tname` varchar(255) CHARACTER SET utf8 COLLATE utf8_general_ci NOT NULL COMMENT '教师姓名',
  `Tcollege` varchar(255) CHARACTER SET utf8 COLLATE utf8_general_ci NOT NULL COMMENT '所在院系',
  `Ttitle` varchar(255) CHARACTER SET utf8 COLLATE utf8_general_ci NOT NULL COMMENT '职称',
  PRIMARY KEY (`Tno`) USING BTREE
) ENGINE = InnoDB CHARACTER SET = utf8 COLLATE = utf8_general_ci ROW_FORMAT = Dynamic;

-- ----------------------------
-- Records of sys_tch
-- ----------------------------
INSERT INTO `sys_tch` VALUES (200601, '钱锦宏', '自动化学院', '辅导员');
INSERT INTO `sys_tch` VALUES (200602, '谢雄民', '自动化学院', '讲师');
INSERT INTO `sys_tch` VALUES (200603, '武邦致', '自动化学院', '讲师');
INSERT INTO `sys_tch` VALUES (200604, '穆中管', '自动化学院', '讲师');
INSERT INTO `sys_tch` VALUES (200605, '许欣英', '自动化学院', '副教授');
INSERT INTO `sys_tch` VALUES (200606, '谭灶声', '自动化学院', '讲师');
INSERT INTO `sys_tch` VALUES (200607, '吴军卓', '自动化学院', '教授');
INSERT INTO `sys_tch` VALUES (200608, '甘风力', '自动化学院', '讲师');
INSERT INTO `sys_tch` VALUES (200609, '夏落兴', '自动化学院', '讲师');
INSERT INTO `sys_tch` VALUES (200610, '卫荷', '自动化学院', '讲师');
INSERT INTO `sys_tch` VALUES (200611, '穆漂徽', '自动化学院', '讲师');
INSERT INTO `sys_tch` VALUES (200612, '谭满铿', '自动化学院', '讲师');
INSERT INTO `sys_tch` VALUES (200613, '何望', '自动化学院', '讲师');
INSERT INTO `sys_tch` VALUES (200614, '李具匡', '自动化学院', '讲师');
INSERT INTO `sys_tch` VALUES (202201, '陈国权', '计算机学院', '教授');
INSERT INTO `sys_tch` VALUES (202202, '陈丽君', '计算机学院', '讲师');
INSERT INTO `sys_tch` VALUES (202203, '曹正汉', '计算机学院', '副教授');
INSERT INTO `sys_tch` VALUES (202204, '刘帅', '计算机学院', '辅导员');
INSERT INTO `sys_tch` VALUES (202205, '范柏乃', '计算机学院', '讲师');
INSERT INTO `sys_tch` VALUES (202206, '顾昕', '计算机学院', '讲师');
INSERT INTO `sys_tch` VALUES (202207, '高翔', '计算机学院', '讲师');
INSERT INTO `sys_tch` VALUES (202208, '郭夏娟', '计算机学院', '讲师');
INSERT INTO `sys_tch` VALUES (202209, '吴金群', '计算机学院', '教授');
INSERT INTO `sys_tch` VALUES (202210, '胡税根', '计算机学院', '副教授');
INSERT INTO `sys_tch` VALUES (202211, '田传浩', '计算机学院', '讲师');
INSERT INTO `sys_tch` VALUES (202212, '王诗宗', '计算机学院', '讲师');
INSERT INTO `sys_tch` VALUES (202213, '郁建兴', '计算机学院', '讲师');
INSERT INTO `sys_tch` VALUES (202214, '余逊达', '计算机学院', '讲师');
INSERT INTO `sys_tch` VALUES (202215, '余潇枫', '计算机学院', '讲师');

-- ----------------------------
-- Table structure for sys_timetable
-- ----------------------------
DROP TABLE IF EXISTS `sys_timetable`;
CREATE TABLE `sys_timetable`  (
  `id` int NOT NULL AUTO_INCREMENT COMMENT '排课ID',
  `Cid` int NOT NULL COMMENT '课程号',
  `Uid` int NOT NULL COMMENT '学生编号',
  `Room_id` int NOT NULL COMMENT '教室号',
  `Tid` int NOT NULL COMMENT '授课老师编号',
  `year` varchar(255) CHARACTER SET utf8 COLLATE utf8_general_ci NOT NULL COMMENT '开课学期',
  `time` int NOT NULL COMMENT '授课时间',
  `week` int NOT NULL COMMENT '星期',
  PRIMARY KEY (`id`) USING BTREE
) ENGINE = InnoDB AUTO_INCREMENT = 20 CHARACTER SET = utf8 COLLATE = utf8_general_ci ROW_FORMAT = Dynamic;

-- ----------------------------
-- Records of sys_timetable
-- ----------------------------
INSERT INTO `sys_timetable` VALUES (20, 30, 20051001, 1068, 202209, '第一学期', 2, 3);
INSERT INTO `sys_timetable` VALUES (21, 7, 20051001, 1068, 202206, '第一学期', 1, 4);
INSERT INTO `sys_timetable` VALUES (22, 40, 20051001, 1012, 202210, '第一学期', 3, 1);
INSERT INTO `sys_timetable` VALUES (23, 36, 20051001, 1051, 202204, '第一学期', 1, 2);
INSERT INTO `sys_timetable` VALUES (24, 34, 20051001, 1017, 202205, '第一学期', 6, 6);
INSERT INTO `sys_timetable` VALUES (25, 24, 20051001, 1035, 202204, '第一学期', 2, 3);
INSERT INTO `sys_timetable` VALUES (26, 21, 20051001, 1047, 202212, '第一学期', 1, 1);
INSERT INTO `sys_timetable` VALUES (27, 47, 20051001, 1072, 202215, '第一学期', 1, 7);
INSERT INTO `sys_timetable` VALUES (28, 83, 20051001, 1012, 202210, '第一学期', 6, 2);
INSERT INTO `sys_timetable` VALUES (29, 19, 20051001, 1006, 202212, '第一学期', 1, 5);
INSERT INTO `sys_timetable` VALUES (30, 31, 20051001, 1072, 202213, '第一学期', 3, 2);
INSERT INTO `sys_timetable` VALUES (31, 59, 20051001, 1057, 202202, '第一学期', 4, 7);
INSERT INTO `sys_timetable` VALUES (32, 43, 20051002, 1022, 202212, '第一学期', 3, 2);
INSERT INTO `sys_timetable` VALUES (33, 19, 20051002, 1019, 202207, '第一学期', 6, 7);
INSERT INTO `sys_timetable` VALUES (34, 28, 20051002, 1061, 202201, '第一学期', 3, 4);
INSERT INTO `sys_timetable` VALUES (35, 18, 20051002, 1077, 202203, '第一学期', 2, 4);
INSERT INTO `sys_timetable` VALUES (36, 34, 20051002, 1021, 202211, '第一学期', 5, 1);
INSERT INTO `sys_timetable` VALUES (37, 43, 20051002, 1042, 202206, '第一学期', 3, 4);
INSERT INTO `sys_timetable` VALUES (38, 52, 20051002, 1076, 202214, '第一学期', 5, 3);
INSERT INTO `sys_timetable` VALUES (39, 39, 20051002, 1010, 202208, '第一学期', 3, 7);
INSERT INTO `sys_timetable` VALUES (40, 10, 20051002, 1025, 202211, '第一学期', 6, 4);
INSERT INTO `sys_timetable` VALUES (41, 63, 20051002, 1041, 202205, '第一学期', 2, 3);
INSERT INTO `sys_timetable` VALUES (42, 75, 20051002, 1080, 202206, '第一学期', 6, 6);
INSERT INTO `sys_timetable` VALUES (43, 36, 20051002, 1022, 202204, '第一学期', 2, 3);
INSERT INTO `sys_timetable` VALUES (44, 49, 20051003, 1059, 202204, '第一学期', 2, 2);
INSERT INTO `sys_timetable` VALUES (45, 30, 20051003, 1011, 202205, '第一学期', 1, 2);
INSERT INTO `sys_timetable` VALUES (46, 51, 20051003, 1026, 202215, '第一学期', 4, 5);
INSERT INTO `sys_timetable` VALUES (47, 8, 20051003, 1051, 202215, '第一学期', 2, 2);
INSERT INTO `sys_timetable` VALUES (48, 49, 20051003, 1019, 202210, '第一学期', 3, 3);
INSERT INTO `sys_timetable` VALUES (49, 63, 20051003, 1030, 202202, '第一学期', 6, 7);
INSERT INTO `sys_timetable` VALUES (50, 63, 20051003, 1068, 202205, '第一学期', 5, 6);
INSERT INTO `sys_timetable` VALUES (51, 27, 20051003, 1013, 202201, '第一学期', 3, 4);
INSERT INTO `sys_timetable` VALUES (52, 44, 20051003, 1042, 202203, '第一学期', 4, 3);
INSERT INTO `sys_timetable` VALUES (53, 85, 20051003, 1022, 202209, '第一学期', 4, 5);
INSERT INTO `sys_timetable` VALUES (54, 28, 20051003, 1029, 202210, '第一学期', 4, 2);
INSERT INTO `sys_timetable` VALUES (55, 11, 20051003, 1071, 202210, '第一学期', 2, 2);
INSERT INTO `sys_timetable` VALUES (56, 69, 20051004, 1008, 202204, '第一学期', 1, 4);
INSERT INTO `sys_timetable` VALUES (57, 59, 20051004, 1023, 202201, '第一学期', 4, 2);
INSERT INTO `sys_timetable` VALUES (58, 63, 20051004, 1083, 202209, '第一学期', 6, 1);
INSERT INTO `sys_timetable` VALUES (59, 74, 20051004, 1030, 202207, '第一学期', 6, 1);
INSERT INTO `sys_timetable` VALUES (60, 38, 20051004, 1067, 202202, '第一学期', 4, 2);
INSERT INTO `sys_timetable` VALUES (61, 1, 20051004, 1079, 202204, '第一学期', 4, 6);
INSERT INTO `sys_timetable` VALUES (62, 35, 20051004, 1045, 202209, '第一学期', 5, 3);
INSERT INTO `sys_timetable` VALUES (63, 42, 20051004, 1053, 202206, '第一学期', 1, 3);
INSERT INTO `sys_timetable` VALUES (64, 41, 20051004, 1063, 202215, '第一学期', 2, 2);
INSERT INTO `sys_timetable` VALUES (65, 35, 20051004, 1065, 202205, '第一学期', 5, 1);
INSERT INTO `sys_timetable` VALUES (66, 59, 20051004, 1009, 202211, '第一学期', 2, 3);
INSERT INTO `sys_timetable` VALUES (67, 38, 20051004, 1018, 202213, '第一学期', 5, 6);
INSERT INTO `sys_timetable` VALUES (68, 8, 20051005, 1066, 202214, '第一学期', 5, 4);
INSERT INTO `sys_timetable` VALUES (69, 77, 20051005, 1023, 202210, '第一学期', 1, 1);
INSERT INTO `sys_timetable` VALUES (70, 75, 20051005, 1081, 202209, '第一学期', 5, 4);
INSERT INTO `sys_timetable` VALUES (71, 51, 20051005, 1047, 202211, '第一学期', 3, 7);
INSERT INTO `sys_timetable` VALUES (72, 32, 20051005, 1015, 202213, '第一学期', 2, 6);
INSERT INTO `sys_timetable` VALUES (73, 66, 20051005, 1060, 202204, '第一学期', 5, 2);
INSERT INTO `sys_timetable` VALUES (74, 6, 20051005, 1061, 202210, '第一学期', 6, 1);
INSERT INTO `sys_timetable` VALUES (75, 15, 20051005, 1067, 202206, '第一学期', 6, 1);
INSERT INTO `sys_timetable` VALUES (76, 66, 20051005, 1057, 202206, '第一学期', 1, 3);
INSERT INTO `sys_timetable` VALUES (77, 50, 20051005, 1055, 202210, '第一学期', 5, 5);
INSERT INTO `sys_timetable` VALUES (78, 54, 20051005, 1019, 202201, '第一学期', 3, 6);
INSERT INTO `sys_timetable` VALUES (79, 37, 20051005, 1085, 202214, '第一学期', 2, 4);
INSERT INTO `sys_timetable` VALUES (80, 18, 20051006, 1001, 202205, '第一学期', 4, 5);
INSERT INTO `sys_timetable` VALUES (81, 24, 20051006, 1055, 202210, '第一学期', 3, 1);
INSERT INTO `sys_timetable` VALUES (82, 83, 20051006, 1051, 202209, '第一学期', 3, 2);
INSERT INTO `sys_timetable` VALUES (83, 82, 20051006, 1065, 202201, '第一学期', 2, 6);
INSERT INTO `sys_timetable` VALUES (84, 16, 20051006, 1008, 202207, '第一学期', 3, 1);
INSERT INTO `sys_timetable` VALUES (85, 69, 20051006, 1016, 202208, '第一学期', 2, 7);
INSERT INTO `sys_timetable` VALUES (86, 23, 20051006, 1080, 202201, '第一学期', 5, 4);
INSERT INTO `sys_timetable` VALUES (87, 5, 20051006, 1036, 202203, '第一学期', 6, 6);
INSERT INTO `sys_timetable` VALUES (88, 20, 20051006, 1070, 202213, '第一学期', 3, 2);
INSERT INTO `sys_timetable` VALUES (89, 80, 20051006, 1058, 202211, '第一学期', 4, 7);
INSERT INTO `sys_timetable` VALUES (90, 51, 20051006, 1035, 202210, '第一学期', 2, 2);
INSERT INTO `sys_timetable` VALUES (91, 1, 20051006, 1042, 202209, '第一学期', 3, 3);
INSERT INTO `sys_timetable` VALUES (92, 57, 20051007, 1064, 202204, '第一学期', 4, 2);
INSERT INTO `sys_timetable` VALUES (93, 76, 20051007, 1067, 202209, '第一学期', 6, 6);
INSERT INTO `sys_timetable` VALUES (94, 77, 20051007, 1070, 202208, '第一学期', 1, 3);
INSERT INTO `sys_timetable` VALUES (95, 84, 20051007, 1046, 202214, '第一学期', 4, 3);
INSERT INTO `sys_timetable` VALUES (96, 12, 20051007, 1040, 202206, '第一学期', 5, 2);
INSERT INTO `sys_timetable` VALUES (97, 21, 20051007, 1068, 202204, '第一学期', 1, 7);
INSERT INTO `sys_timetable` VALUES (98, 23, 20051007, 1047, 202201, '第一学期', 6, 1);
INSERT INTO `sys_timetable` VALUES (99, 69, 20051007, 1027, 202203, '第一学期', 6, 5);
INSERT INTO `sys_timetable` VALUES (100, 77, 20051007, 1046, 202214, '第一学期', 4, 7);
INSERT INTO `sys_timetable` VALUES (101, 67, 20051007, 1066, 202201, '第一学期', 1, 3);
INSERT INTO `sys_timetable` VALUES (102, 66, 20051007, 1048, 202204, '第一学期', 1, 4);
INSERT INTO `sys_timetable` VALUES (103, 64, 20051007, 1026, 202205, '第一学期', 5, 5);
INSERT INTO `sys_timetable` VALUES (104, 86, 20051008, 1050, 202208, '第一学期', 6, 3);
INSERT INTO `sys_timetable` VALUES (105, 65, 20051008, 1019, 202211, '第一学期', 6, 7);
INSERT INTO `sys_timetable` VALUES (106, 24, 20051008, 1045, 202209, '第一学期', 6, 7);
INSERT INTO `sys_timetable` VALUES (107, 38, 20051008, 1051, 202214, '第一学期', 5, 7);
INSERT INTO `sys_timetable` VALUES (108, 52, 20051008, 1079, 202203, '第一学期', 5, 1);
INSERT INTO `sys_timetable` VALUES (109, 6, 20051008, 1061, 202215, '第一学期', 5, 7);
INSERT INTO `sys_timetable` VALUES (110, 26, 20051008, 1027, 202207, '第一学期', 3, 6);
INSERT INTO `sys_timetable` VALUES (111, 8, 20051008, 1065, 202209, '第一学期', 4, 6);
INSERT INTO `sys_timetable` VALUES (112, 20, 20051008, 1036, 202207, '第一学期', 6, 3);
INSERT INTO `sys_timetable` VALUES (113, 4, 20051008, 1032, 202213, '第一学期', 5, 2);
INSERT INTO `sys_timetable` VALUES (114, 78, 20051008, 1026, 202204, '第一学期', 3, 4);
INSERT INTO `sys_timetable` VALUES (115, 83, 20051008, 1065, 202210, '第一学期', 3, 1);
INSERT INTO `sys_timetable` VALUES (116, 50, 20051009, 1081, 202209, '第一学期', 1, 4);
INSERT INTO `sys_timetable` VALUES (117, 64, 20051009, 1059, 202203, '第一学期', 3, 2);
INSERT INTO `sys_timetable` VALUES (118, 69, 20051009, 1017, 202206, '第一学期', 5, 2);
INSERT INTO `sys_timetable` VALUES (119, 63, 20051009, 1003, 202210, '第一学期', 5, 3);
INSERT INTO `sys_timetable` VALUES (120, 77, 20051009, 1080, 202214, '第一学期', 4, 1);
INSERT INTO `sys_timetable` VALUES (121, 70, 20051009, 1075, 202212, '第一学期', 3, 4);
INSERT INTO `sys_timetable` VALUES (122, 37, 20051009, 1044, 202204, '第一学期', 5, 7);
INSERT INTO `sys_timetable` VALUES (123, 59, 20051009, 1074, 202205, '第一学期', 2, 5);
INSERT INTO `sys_timetable` VALUES (124, 79, 20051009, 1028, 202213, '第一学期', 5, 6);
INSERT INTO `sys_timetable` VALUES (125, 86, 20051009, 1008, 202207, '第一学期', 5, 7);
INSERT INTO `sys_timetable` VALUES (126, 54, 20051009, 1021, 202203, '第一学期', 4, 5);
INSERT INTO `sys_timetable` VALUES (127, 43, 20051009, 1069, 202203, '第一学期', 4, 6);
INSERT INTO `sys_timetable` VALUES (128, 66, 20051010, 1009, 202207, '第一学期', 3, 3);
INSERT INTO `sys_timetable` VALUES (129, 79, 20051010, 1032, 202215, '第一学期', 3, 4);
INSERT INTO `sys_timetable` VALUES (130, 31, 20051010, 1019, 202202, '第一学期', 3, 7);
INSERT INTO `sys_timetable` VALUES (131, 17, 20051010, 1079, 202206, '第一学期', 2, 4);
INSERT INTO `sys_timetable` VALUES (132, 70, 20051010, 1007, 202212, '第一学期', 2, 5);
INSERT INTO `sys_timetable` VALUES (133, 74, 20051010, 1010, 202211, '第一学期', 1, 6);
INSERT INTO `sys_timetable` VALUES (134, 23, 20051010, 1012, 202203, '第一学期', 5, 6);
INSERT INTO `sys_timetable` VALUES (135, 42, 20051010, 1014, 202204, '第一学期', 5, 4);
INSERT INTO `sys_timetable` VALUES (136, 8, 20051010, 1069, 202204, '第一学期', 3, 3);
INSERT INTO `sys_timetable` VALUES (137, 39, 20051010, 1054, 202211, '第一学期', 4, 7);
INSERT INTO `sys_timetable` VALUES (138, 79, 20051010, 1005, 202213, '第一学期', 4, 2);
INSERT INTO `sys_timetable` VALUES (139, 80, 20051010, 1017, 202203, '第一学期', 3, 6);
INSERT INTO `sys_timetable` VALUES (140, 66, 20051011, 1079, 202210, '第一学期', 4, 5);
INSERT INTO `sys_timetable` VALUES (141, 86, 20051011, 1054, 202205, '第一学期', 2, 7);
INSERT INTO `sys_timetable` VALUES (142, 67, 20051011, 1034, 202211, '第一学期', 5, 4);
INSERT INTO `sys_timetable` VALUES (143, 86, 20051011, 1049, 202206, '第一学期', 3, 1);
INSERT INTO `sys_timetable` VALUES (144, 17, 20051011, 1023, 202206, '第一学期', 2, 4);
INSERT INTO `sys_timetable` VALUES (145, 78, 20051011, 1010, 202210, '第一学期', 3, 3);
INSERT INTO `sys_timetable` VALUES (146, 10, 20051011, 1034, 202212, '第一学期', 1, 5);
INSERT INTO `sys_timetable` VALUES (147, 5, 20051011, 1074, 202214, '第一学期', 5, 1);
INSERT INTO `sys_timetable` VALUES (148, 74, 20051011, 1063, 202203, '第一学期', 1, 1);
INSERT INTO `sys_timetable` VALUES (149, 13, 20051011, 1026, 202213, '第一学期', 4, 2);
INSERT INTO `sys_timetable` VALUES (150, 54, 20051011, 1019, 202211, '第一学期', 2, 6);
INSERT INTO `sys_timetable` VALUES (151, 75, 20051011, 1030, 202208, '第一学期', 3, 5);
INSERT INTO `sys_timetable` VALUES (152, 73, 20051012, 1024, 202210, '第一学期', 2, 3);
INSERT INTO `sys_timetable` VALUES (153, 64, 20051012, 1002, 202206, '第一学期', 4, 6);
INSERT INTO `sys_timetable` VALUES (154, 79, 20051012, 1045, 202204, '第一学期', 5, 7);
INSERT INTO `sys_timetable` VALUES (155, 45, 20051012, 1031, 202212, '第一学期', 5, 3);
INSERT INTO `sys_timetable` VALUES (156, 76, 20051012, 1036, 202202, '第一学期', 6, 5);
INSERT INTO `sys_timetable` VALUES (157, 12, 20051012, 1033, 202215, '第一学期', 5, 6);
INSERT INTO `sys_timetable` VALUES (158, 81, 20051012, 1047, 202205, '第一学期', 5, 7);
INSERT INTO `sys_timetable` VALUES (159, 14, 20051012, 1070, 202212, '第一学期', 4, 5);
INSERT INTO `sys_timetable` VALUES (160, 23, 20051012, 1021, 202210, '第一学期', 5, 2);
INSERT INTO `sys_timetable` VALUES (161, 60, 20051012, 1041, 202204, '第一学期', 6, 5);
INSERT INTO `sys_timetable` VALUES (162, 1, 20051012, 1011, 202202, '第一学期', 5, 1);
INSERT INTO `sys_timetable` VALUES (163, 61, 20051012, 1064, 202204, '第一学期', 5, 2);
INSERT INTO `sys_timetable` VALUES (164, 59, 20051013, 1039, 202202, '第一学期', 5, 3);
INSERT INTO `sys_timetable` VALUES (165, 26, 20051013, 1038, 202201, '第一学期', 2, 6);
INSERT INTO `sys_timetable` VALUES (166, 57, 20051013, 1023, 202206, '第一学期', 6, 1);
INSERT INTO `sys_timetable` VALUES (167, 8, 20051013, 1057, 202212, '第一学期', 2, 1);
INSERT INTO `sys_timetable` VALUES (168, 28, 20051013, 1065, 202214, '第一学期', 4, 6);
INSERT INTO `sys_timetable` VALUES (169, 4, 20051013, 1079, 202212, '第一学期', 5, 7);
INSERT INTO `sys_timetable` VALUES (170, 78, 20051013, 1033, 202213, '第一学期', 4, 3);
INSERT INTO `sys_timetable` VALUES (171, 44, 20051013, 1077, 202207, '第一学期', 6, 5);
INSERT INTO `sys_timetable` VALUES (172, 68, 20051013, 1019, 202211, '第一学期', 4, 5);
INSERT INTO `sys_timetable` VALUES (173, 73, 20051013, 1050, 202209, '第一学期', 3, 5);
INSERT INTO `sys_timetable` VALUES (174, 9, 20051013, 1013, 202209, '第一学期', 4, 7);
INSERT INTO `sys_timetable` VALUES (175, 23, 20051013, 1046, 202210, '第一学期', 3, 5);
INSERT INTO `sys_timetable` VALUES (176, 28, 20051014, 1070, 202211, '第一学期', 1, 2);
INSERT INTO `sys_timetable` VALUES (177, 74, 20051014, 1025, 202207, '第一学期', 1, 7);
INSERT INTO `sys_timetable` VALUES (178, 37, 20051014, 1028, 202205, '第一学期', 4, 6);
INSERT INTO `sys_timetable` VALUES (179, 62, 20051014, 1005, 202212, '第一学期', 3, 4);
INSERT INTO `sys_timetable` VALUES (180, 38, 20051014, 1081, 202204, '第一学期', 5, 4);
INSERT INTO `sys_timetable` VALUES (181, 4, 20051014, 1060, 202211, '第一学期', 2, 5);
INSERT INTO `sys_timetable` VALUES (182, 53, 20051014, 1035, 202213, '第一学期', 6, 6);
INSERT INTO `sys_timetable` VALUES (183, 54, 20051014, 1054, 202204, '第一学期', 6, 3);
INSERT INTO `sys_timetable` VALUES (184, 26, 20051014, 1082, 202211, '第一学期', 4, 7);
INSERT INTO `sys_timetable` VALUES (185, 57, 20051014, 1014, 202210, '第一学期', 4, 3);
INSERT INTO `sys_timetable` VALUES (186, 81, 20051014, 1015, 202202, '第一学期', 3, 4);
INSERT INTO `sys_timetable` VALUES (187, 47, 20051014, 1054, 202215, '第一学期', 5, 5);
INSERT INTO `sys_timetable` VALUES (188, 54, 20051015, 1050, 202211, '第一学期', 1, 4);
INSERT INTO `sys_timetable` VALUES (189, 66, 20051015, 1085, 202215, '第一学期', 1, 5);
INSERT INTO `sys_timetable` VALUES (190, 25, 20051015, 1055, 202202, '第一学期', 5, 2);
INSERT INTO `sys_timetable` VALUES (191, 36, 20051015, 1077, 202203, '第一学期', 5, 7);
INSERT INTO `sys_timetable` VALUES (192, 48, 20051015, 1030, 202201, '第一学期', 6, 2);
INSERT INTO `sys_timetable` VALUES (193, 24, 20051015, 1051, 202205, '第一学期', 6, 7);
INSERT INTO `sys_timetable` VALUES (194, 80, 20051015, 1035, 202213, '第一学期', 1, 3);
INSERT INTO `sys_timetable` VALUES (195, 58, 20051015, 1009, 202208, '第一学期', 3, 3);
INSERT INTO `sys_timetable` VALUES (196, 76, 20051015, 1071, 202207, '第一学期', 4, 6);
INSERT INTO `sys_timetable` VALUES (197, 81, 20051015, 1015, 202210, '第一学期', 4, 1);
INSERT INTO `sys_timetable` VALUES (198, 62, 20051015, 1050, 202215, '第一学期', 4, 6);
INSERT INTO `sys_timetable` VALUES (199, 46, 20051015, 1023, 202203, '第一学期', 6, 1);
INSERT INTO `sys_timetable` VALUES (200, 5, 20051016, 1055, 202205, '第一学期', 5, 5);
INSERT INTO `sys_timetable` VALUES (201, 42, 20051016, 1074, 202211, '第一学期', 5, 5);
INSERT INTO `sys_timetable` VALUES (202, 50, 20051016, 1002, 202206, '第一学期', 4, 6);
INSERT INTO `sys_timetable` VALUES (203, 7, 20051016, 1077, 202214, '第一学期', 6, 2);
INSERT INTO `sys_timetable` VALUES (204, 36, 20051016, 1048, 202206, '第一学期', 3, 6);
INSERT INTO `sys_timetable` VALUES (205, 79, 20051016, 1068, 202206, '第一学期', 6, 6);
INSERT INTO `sys_timetable` VALUES (206, 32, 20051016, 1076, 202211, '第一学期', 3, 3);
INSERT INTO `sys_timetable` VALUES (207, 32, 20051016, 1062, 202205, '第一学期', 1, 4);
INSERT INTO `sys_timetable` VALUES (208, 61, 20051016, 1015, 202209, '第一学期', 6, 1);
INSERT INTO `sys_timetable` VALUES (209, 63, 20051016, 1035, 202208, '第一学期', 5, 3);
INSERT INTO `sys_timetable` VALUES (210, 67, 20051016, 1018, 202211, '第一学期', 5, 2);
INSERT INTO `sys_timetable` VALUES (211, 18, 20051016, 1001, 202201, '第一学期', 2, 1);
INSERT INTO `sys_timetable` VALUES (212, 51, 20051017, 1052, 202201, '第一学期', 1, 3);
INSERT INTO `sys_timetable` VALUES (213, 50, 20051017, 1047, 202212, '第一学期', 2, 1);
INSERT INTO `sys_timetable` VALUES (214, 75, 20051017, 1004, 202202, '第一学期', 5, 5);
INSERT INTO `sys_timetable` VALUES (215, 3, 20051017, 1005, 202212, '第一学期', 5, 5);
INSERT INTO `sys_timetable` VALUES (216, 34, 20051017, 1018, 202204, '第一学期', 6, 4);
INSERT INTO `sys_timetable` VALUES (217, 39, 20051017, 1025, 202203, '第一学期', 1, 3);
INSERT INTO `sys_timetable` VALUES (218, 31, 20051017, 1023, 202208, '第一学期', 3, 5);
INSERT INTO `sys_timetable` VALUES (219, 11, 20051017, 1023, 202206, '第一学期', 6, 2);
INSERT INTO `sys_timetable` VALUES (220, 3, 20051017, 1008, 202201, '第一学期', 4, 7);
INSERT INTO `sys_timetable` VALUES (221, 10, 20051017, 1078, 202212, '第一学期', 4, 5);
INSERT INTO `sys_timetable` VALUES (222, 27, 20051017, 1061, 202210, '第一学期', 3, 2);
INSERT INTO `sys_timetable` VALUES (223, 38, 20051017, 1050, 202210, '第一学期', 4, 7);
INSERT INTO `sys_timetable` VALUES (224, 71, 20051018, 1056, 202213, '第一学期', 6, 3);
INSERT INTO `sys_timetable` VALUES (225, 58, 20051018, 1072, 202201, '第一学期', 5, 1);
INSERT INTO `sys_timetable` VALUES (226, 20, 20051018, 1059, 202215, '第一学期', 2, 4);
INSERT INTO `sys_timetable` VALUES (227, 46, 20051018, 1074, 202206, '第一学期', 4, 5);
INSERT INTO `sys_timetable` VALUES (228, 79, 20051018, 1049, 202215, '第一学期', 4, 6);
INSERT INTO `sys_timetable` VALUES (229, 85, 20051018, 1048, 202205, '第一学期', 1, 5);
INSERT INTO `sys_timetable` VALUES (230, 57, 20051018, 1036, 202201, '第一学期', 5, 2);
INSERT INTO `sys_timetable` VALUES (231, 28, 20051018, 1081, 202215, '第一学期', 5, 2);
INSERT INTO `sys_timetable` VALUES (232, 11, 20051018, 1039, 202205, '第一学期', 4, 2);
INSERT INTO `sys_timetable` VALUES (233, 66, 20051018, 1021, 202210, '第一学期', 5, 5);
INSERT INTO `sys_timetable` VALUES (234, 82, 20051018, 1066, 202207, '第一学期', 5, 3);
INSERT INTO `sys_timetable` VALUES (235, 61, 20051018, 1002, 202212, '第一学期', 5, 5);
INSERT INTO `sys_timetable` VALUES (236, 4, 20051019, 1055, 202207, '第一学期', 5, 6);
INSERT INTO `sys_timetable` VALUES (237, 57, 20051019, 1078, 202215, '第一学期', 4, 7);
INSERT INTO `sys_timetable` VALUES (238, 17, 20051019, 1012, 202203, '第一学期', 2, 6);
INSERT INTO `sys_timetable` VALUES (239, 7, 20051019, 1076, 202202, '第一学期', 2, 4);
INSERT INTO `sys_timetable` VALUES (240, 69, 20051019, 1070, 202202, '第一学期', 4, 4);
INSERT INTO `sys_timetable` VALUES (241, 12, 20051019, 1063, 202212, '第一学期', 2, 3);
INSERT INTO `sys_timetable` VALUES (242, 84, 20051019, 1039, 202202, '第一学期', 4, 1);
INSERT INTO `sys_timetable` VALUES (243, 73, 20051019, 1024, 202210, '第一学期', 5, 5);
INSERT INTO `sys_timetable` VALUES (244, 58, 20051019, 1028, 202210, '第一学期', 1, 7);
INSERT INTO `sys_timetable` VALUES (245, 68, 20051019, 1044, 202209, '第一学期', 3, 6);
INSERT INTO `sys_timetable` VALUES (246, 57, 20051019, 1061, 202204, '第一学期', 3, 6);
INSERT INTO `sys_timetable` VALUES (247, 45, 20051019, 1028, 202202, '第一学期', 5, 3);
INSERT INTO `sys_timetable` VALUES (248, 43, 20051020, 1025, 202206, '第一学期', 3, 7);
INSERT INTO `sys_timetable` VALUES (249, 15, 20051020, 1007, 202204, '第一学期', 3, 3);
INSERT INTO `sys_timetable` VALUES (250, 13, 20051020, 1061, 202206, '第一学期', 1, 1);
INSERT INTO `sys_timetable` VALUES (251, 62, 20051020, 1028, 202205, '第一学期', 6, 7);
INSERT INTO `sys_timetable` VALUES (252, 49, 20051020, 1009, 202211, '第一学期', 4, 4);
INSERT INTO `sys_timetable` VALUES (253, 82, 20051020, 1059, 202205, '第一学期', 4, 5);
INSERT INTO `sys_timetable` VALUES (254, 86, 20051020, 1077, 202202, '第一学期', 3, 5);
INSERT INTO `sys_timetable` VALUES (255, 67, 20051020, 1077, 202207, '第一学期', 5, 3);
INSERT INTO `sys_timetable` VALUES (256, 46, 20051020, 1043, 202207, '第一学期', 3, 3);
INSERT INTO `sys_timetable` VALUES (257, 58, 20051020, 1019, 202215, '第一学期', 1, 7);
INSERT INTO `sys_timetable` VALUES (258, 34, 20051020, 1022, 202213, '第一学期', 6, 5);
INSERT INTO `sys_timetable` VALUES (259, 17, 20051020, 1039, 202204, '第一学期', 1, 7);
INSERT INTO `sys_timetable` VALUES (260, 22, 20051111, 1053, 202204, '第一学期', 4, 5);
INSERT INTO `sys_timetable` VALUES (261, 74, 20051111, 1050, 202202, '第一学期', 6, 3);
INSERT INTO `sys_timetable` VALUES (262, 73, 20051111, 1085, 202207, '第一学期', 1, 4);
INSERT INTO `sys_timetable` VALUES (263, 14, 20051111, 1036, 202214, '第一学期', 1, 7);
INSERT INTO `sys_timetable` VALUES (264, 6, 20051111, 1006, 202201, '第一学期', 6, 3);
INSERT INTO `sys_timetable` VALUES (265, 46, 20051111, 1006, 202203, '第一学期', 3, 1);
INSERT INTO `sys_timetable` VALUES (266, 36, 20051111, 1039, 202210, '第一学期', 2, 5);
INSERT INTO `sys_timetable` VALUES (267, 64, 20051111, 1077, 202204, '第一学期', 1, 3);
INSERT INTO `sys_timetable` VALUES (268, 51, 20051111, 1011, 202215, '第一学期', 5, 5);
INSERT INTO `sys_timetable` VALUES (269, 66, 20051111, 1040, 202215, '第一学期', 2, 3);
INSERT INTO `sys_timetable` VALUES (270, 75, 20051111, 1060, 202214, '第一学期', 4, 6);
INSERT INTO `sys_timetable` VALUES (271, 9, 20051111, 1034, 202212, '第一学期', 5, 7);
INSERT INTO `sys_timetable` VALUES (272, 51, 20051112, 1012, 202201, '第一学期', 3, 7);
INSERT INTO `sys_timetable` VALUES (273, 11, 20051112, 1007, 202212, '第一学期', 6, 3);
INSERT INTO `sys_timetable` VALUES (274, 6, 20051112, 1021, 202205, '第一学期', 1, 6);
INSERT INTO `sys_timetable` VALUES (275, 25, 20051112, 1050, 202201, '第一学期', 3, 6);
INSERT INTO `sys_timetable` VALUES (276, 15, 20051112, 1025, 202204, '第一学期', 4, 6);
INSERT INTO `sys_timetable` VALUES (277, 11, 20051112, 1085, 202202, '第一学期', 6, 5);
INSERT INTO `sys_timetable` VALUES (278, 72, 20051112, 1013, 202206, '第一学期', 4, 1);
INSERT INTO `sys_timetable` VALUES (279, 45, 20051112, 1034, 202211, '第一学期', 4, 6);
INSERT INTO `sys_timetable` VALUES (280, 84, 20051112, 1032, 202215, '第一学期', 5, 2);
INSERT INTO `sys_timetable` VALUES (281, 81, 20051112, 1079, 202211, '第一学期', 4, 3);
INSERT INTO `sys_timetable` VALUES (282, 6, 20051112, 1016, 202209, '第一学期', 1, 7);
INSERT INTO `sys_timetable` VALUES (283, 46, 20051112, 1050, 202202, '第一学期', 5, 7);
INSERT INTO `sys_timetable` VALUES (284, 69, 20051113, 1068, 202204, '第一学期', 2, 2);
INSERT INTO `sys_timetable` VALUES (285, 32, 20051113, 1037, 202210, '第一学期', 4, 6);
INSERT INTO `sys_timetable` VALUES (286, 83, 20051113, 1037, 202206, '第一学期', 3, 1);
INSERT INTO `sys_timetable` VALUES (287, 9, 20051113, 1055, 202209, '第一学期', 2, 5);
INSERT INTO `sys_timetable` VALUES (288, 15, 20051113, 1015, 202214, '第一学期', 1, 5);
INSERT INTO `sys_timetable` VALUES (289, 2, 20051113, 1034, 202205, '第一学期', 3, 7);
INSERT INTO `sys_timetable` VALUES (290, 71, 20051113, 1026, 202205, '第一学期', 5, 4);
INSERT INTO `sys_timetable` VALUES (291, 8, 20051113, 1063, 202201, '第一学期', 1, 3);
INSERT INTO `sys_timetable` VALUES (292, 23, 20051113, 1072, 202209, '第一学期', 1, 6);
INSERT INTO `sys_timetable` VALUES (293, 18, 20051113, 1056, 202213, '第一学期', 4, 5);
INSERT INTO `sys_timetable` VALUES (294, 18, 20051113, 1033, 202203, '第一学期', 1, 5);
INSERT INTO `sys_timetable` VALUES (295, 41, 20051113, 1034, 202209, '第一学期', 1, 5);
INSERT INTO `sys_timetable` VALUES (296, 38, 20051114, 1045, 202205, '第一学期', 4, 3);
INSERT INTO `sys_timetable` VALUES (297, 56, 20051114, 1032, 202202, '第一学期', 2, 7);
INSERT INTO `sys_timetable` VALUES (298, 53, 20051114, 1025, 202212, '第一学期', 6, 3);
INSERT INTO `sys_timetable` VALUES (299, 4, 20051114, 1011, 202207, '第一学期', 1, 2);
INSERT INTO `sys_timetable` VALUES (300, 35, 20051114, 1068, 202205, '第一学期', 4, 6);
INSERT INTO `sys_timetable` VALUES (301, 3, 20051114, 1061, 202215, '第一学期', 4, 1);
INSERT INTO `sys_timetable` VALUES (302, 6, 20051114, 1007, 202205, '第一学期', 1, 2);
INSERT INTO `sys_timetable` VALUES (303, 3, 20051114, 1081, 202209, '第一学期', 6, 7);
INSERT INTO `sys_timetable` VALUES (304, 12, 20051114, 1050, 202204, '第一学期', 6, 3);
INSERT INTO `sys_timetable` VALUES (305, 64, 20051114, 1081, 202212, '第一学期', 3, 1);
INSERT INTO `sys_timetable` VALUES (306, 46, 20051114, 1007, 202204, '第一学期', 6, 6);
INSERT INTO `sys_timetable` VALUES (307, 48, 20051114, 1021, 202208, '第一学期', 5, 5);
INSERT INTO `sys_timetable` VALUES (308, 82, 20051115, 1036, 202209, '第一学期', 3, 6);
INSERT INTO `sys_timetable` VALUES (309, 40, 20051115, 1059, 202211, '第一学期', 6, 6);
INSERT INTO `sys_timetable` VALUES (310, 80, 20051115, 1010, 202215, '第一学期', 1, 4);
INSERT INTO `sys_timetable` VALUES (311, 16, 20051115, 1026, 202213, '第一学期', 2, 4);
INSERT INTO `sys_timetable` VALUES (312, 15, 20051115, 1047, 202211, '第一学期', 1, 4);
INSERT INTO `sys_timetable` VALUES (313, 41, 20051115, 1003, 202201, '第一学期', 5, 2);
INSERT INTO `sys_timetable` VALUES (314, 44, 20051115, 1069, 202212, '第一学期', 1, 7);
INSERT INTO `sys_timetable` VALUES (315, 30, 20051115, 1018, 202208, '第一学期', 3, 1);
INSERT INTO `sys_timetable` VALUES (316, 37, 20051115, 1015, 202203, '第一学期', 3, 6);
INSERT INTO `sys_timetable` VALUES (317, 45, 20051115, 1076, 202211, '第一学期', 4, 2);
INSERT INTO `sys_timetable` VALUES (318, 16, 20051115, 1060, 202212, '第一学期', 6, 6);
INSERT INTO `sys_timetable` VALUES (319, 8, 20051115, 1010, 202205, '第一学期', 4, 2);
INSERT INTO `sys_timetable` VALUES (320, 84, 20051116, 1003, 202209, '第一学期', 5, 4);
INSERT INTO `sys_timetable` VALUES (321, 44, 20051116, 1022, 202210, '第一学期', 2, 3);
INSERT INTO `sys_timetable` VALUES (322, 13, 20051116, 1083, 202202, '第一学期', 1, 1);
INSERT INTO `sys_timetable` VALUES (323, 55, 20051116, 1003, 202203, '第一学期', 4, 6);
INSERT INTO `sys_timetable` VALUES (324, 18, 20051116, 1082, 202212, '第一学期', 1, 1);
INSERT INTO `sys_timetable` VALUES (325, 34, 20051116, 1007, 202201, '第一学期', 4, 6);
INSERT INTO `sys_timetable` VALUES (326, 4, 20051116, 1055, 202215, '第一学期', 2, 6);
INSERT INTO `sys_timetable` VALUES (327, 13, 20051116, 1037, 202211, '第一学期', 5, 2);
INSERT INTO `sys_timetable` VALUES (328, 20, 20051116, 1066, 202214, '第一学期', 4, 1);
INSERT INTO `sys_timetable` VALUES (329, 4, 20051116, 1046, 202208, '第一学期', 5, 5);
INSERT INTO `sys_timetable` VALUES (330, 20, 20051116, 1015, 202209, '第一学期', 3, 2);
INSERT INTO `sys_timetable` VALUES (331, 26, 20051116, 1039, 202204, '第一学期', 2, 2);
INSERT INTO `sys_timetable` VALUES (332, 26, 20051117, 1014, 202206, '第一学期', 5, 4);
INSERT INTO `sys_timetable` VALUES (333, 23, 20051117, 1008, 202206, '第一学期', 5, 4);
INSERT INTO `sys_timetable` VALUES (334, 25, 20051117, 1039, 202207, '第一学期', 4, 3);
INSERT INTO `sys_timetable` VALUES (335, 60, 20051117, 1003, 202205, '第一学期', 1, 2);
INSERT INTO `sys_timetable` VALUES (336, 17, 20051117, 1047, 202203, '第一学期', 5, 7);
INSERT INTO `sys_timetable` VALUES (337, 16, 20051117, 1027, 202201, '第一学期', 2, 5);
INSERT INTO `sys_timetable` VALUES (338, 45, 20051117, 1075, 202214, '第一学期', 4, 6);
INSERT INTO `sys_timetable` VALUES (339, 54, 20051117, 1065, 202209, '第一学期', 5, 6);
INSERT INTO `sys_timetable` VALUES (340, 68, 20051117, 1039, 202206, '第一学期', 1, 2);
INSERT INTO `sys_timetable` VALUES (341, 4, 20051117, 1056, 202206, '第一学期', 3, 2);
INSERT INTO `sys_timetable` VALUES (342, 57, 20051117, 1027, 202207, '第一学期', 4, 2);
INSERT INTO `sys_timetable` VALUES (343, 10, 20051117, 1033, 202206, '第一学期', 4, 4);
INSERT INTO `sys_timetable` VALUES (344, 16, 20051118, 1062, 202201, '第一学期', 6, 1);
INSERT INTO `sys_timetable` VALUES (345, 32, 20051118, 1031, 202203, '第一学期', 5, 7);
INSERT INTO `sys_timetable` VALUES (346, 71, 20051118, 1005, 202211, '第一学期', 2, 5);
INSERT INTO `sys_timetable` VALUES (347, 72, 20051118, 1051, 202214, '第一学期', 5, 4);
INSERT INTO `sys_timetable` VALUES (348, 24, 20051118, 1051, 202206, '第一学期', 4, 2);
INSERT INTO `sys_timetable` VALUES (349, 74, 20051118, 1026, 202207, '第一学期', 1, 2);
INSERT INTO `sys_timetable` VALUES (350, 66, 20051118, 1041, 202204, '第一学期', 6, 4);
INSERT INTO `sys_timetable` VALUES (351, 71, 20051118, 1054, 202202, '第一学期', 6, 7);
INSERT INTO `sys_timetable` VALUES (352, 10, 20051118, 1045, 202206, '第一学期', 2, 6);
INSERT INTO `sys_timetable` VALUES (353, 57, 20051118, 1044, 202211, '第一学期', 3, 4);
INSERT INTO `sys_timetable` VALUES (354, 65, 20051118, 1006, 202207, '第一学期', 5, 7);
INSERT INTO `sys_timetable` VALUES (355, 64, 20051118, 1031, 202209, '第一学期', 5, 7);
INSERT INTO `sys_timetable` VALUES (356, 42, 20051119, 1064, 202203, '第一学期', 4, 7);
INSERT INTO `sys_timetable` VALUES (357, 29, 20051119, 1083, 202202, '第一学期', 4, 4);
INSERT INTO `sys_timetable` VALUES (358, 40, 20051119, 1065, 202215, '第一学期', 2, 5);
INSERT INTO `sys_timetable` VALUES (359, 84, 20051119, 1015, 202209, '第一学期', 6, 4);
INSERT INTO `sys_timetable` VALUES (360, 17, 20051119, 1005, 202208, '第一学期', 1, 2);
INSERT INTO `sys_timetable` VALUES (361, 24, 20051119, 1043, 202203, '第一学期', 3, 5);
INSERT INTO `sys_timetable` VALUES (362, 54, 20051119, 1024, 202205, '第一学期', 3, 5);
INSERT INTO `sys_timetable` VALUES (363, 47, 20051119, 1029, 202206, '第一学期', 1, 3);
INSERT INTO `sys_timetable` VALUES (364, 42, 20051119, 1002, 202206, '第一学期', 1, 5);
INSERT INTO `sys_timetable` VALUES (365, 48, 20051119, 1021, 202214, '第一学期', 1, 7);
INSERT INTO `sys_timetable` VALUES (366, 35, 20051119, 1063, 202211, '第一学期', 1, 1);
INSERT INTO `sys_timetable` VALUES (367, 55, 20051119, 1006, 202213, '第一学期', 4, 4);
INSERT INTO `sys_timetable` VALUES (368, 29, 20051120, 1015, 202205, '第一学期', 6, 6);
INSERT INTO `sys_timetable` VALUES (369, 62, 20051120, 1044, 202214, '第一学期', 4, 1);
INSERT INTO `sys_timetable` VALUES (370, 43, 20051120, 1002, 202209, '第一学期', 5, 2);
INSERT INTO `sys_timetable` VALUES (371, 81, 20051120, 1045, 202208, '第一学期', 6, 6);
INSERT INTO `sys_timetable` VALUES (372, 5, 20051120, 1047, 202212, '第一学期', 6, 4);
INSERT INTO `sys_timetable` VALUES (373, 6, 20051120, 1046, 202201, '第一学期', 1, 1);
INSERT INTO `sys_timetable` VALUES (374, 63, 20051120, 1061, 202201, '第一学期', 1, 1);
INSERT INTO `sys_timetable` VALUES (375, 10, 20051120, 1066, 202213, '第一学期', 5, 5);
INSERT INTO `sys_timetable` VALUES (376, 49, 20051120, 1020, 202206, '第一学期', 5, 2);
INSERT INTO `sys_timetable` VALUES (377, 73, 20051120, 1026, 202207, '第一学期', 5, 2);
INSERT INTO `sys_timetable` VALUES (378, 30, 20051120, 1035, 202208, '第一学期', 1, 5);
INSERT INTO `sys_timetable` VALUES (379, 18, 20051120, 1005, 202212, '第一学期', 4, 3);
INSERT INTO `sys_timetable` VALUES (380, 23, 20051101, 1055, 202208, '第一学期', 3, 7);
INSERT INTO `sys_timetable` VALUES (381, 23, 20051101, 1061, 202212, '第一学期', 4, 6);
INSERT INTO `sys_timetable` VALUES (382, 8, 20051101, 1081, 202209, '第一学期', 4, 2);
INSERT INTO `sys_timetable` VALUES (383, 58, 20051101, 1081, 202207, '第一学期', 6, 2);
INSERT INTO `sys_timetable` VALUES (384, 45, 20051101, 1016, 202201, '第一学期', 1, 4);
INSERT INTO `sys_timetable` VALUES (385, 23, 20051101, 1077, 202206, '第一学期', 3, 6);
INSERT INTO `sys_timetable` VALUES (386, 15, 20051101, 1070, 202207, '第一学期', 4, 5);
INSERT INTO `sys_timetable` VALUES (387, 44, 20051101, 1046, 202211, '第一学期', 4, 2);
INSERT INTO `sys_timetable` VALUES (388, 38, 20051101, 1062, 202211, '第一学期', 6, 6);
INSERT INTO `sys_timetable` VALUES (389, 9, 20051101, 1026, 202201, '第一学期', 1, 3);
INSERT INTO `sys_timetable` VALUES (390, 21, 20051101, 1054, 202201, '第一学期', 2, 6);
INSERT INTO `sys_timetable` VALUES (391, 48, 20051101, 1057, 202211, '第一学期', 4, 3);
INSERT INTO `sys_timetable` VALUES (392, 65, 20051102, 1066, 202203, '第一学期', 2, 3);
INSERT INTO `sys_timetable` VALUES (393, 77, 20051102, 1048, 202214, '第一学期', 2, 3);
INSERT INTO `sys_timetable` VALUES (394, 36, 20051102, 1022, 202202, '第一学期', 2, 1);
INSERT INTO `sys_timetable` VALUES (395, 82, 20051102, 1039, 202211, '第一学期', 4, 7);
INSERT INTO `sys_timetable` VALUES (396, 37, 20051102, 1013, 202201, '第一学期', 1, 7);
INSERT INTO `sys_timetable` VALUES (397, 7, 20051102, 1007, 202202, '第一学期', 1, 2);
INSERT INTO `sys_timetable` VALUES (398, 16, 20051102, 1059, 202211, '第一学期', 6, 3);
INSERT INTO `sys_timetable` VALUES (399, 20, 20051102, 1033, 202205, '第一学期', 3, 5);
INSERT INTO `sys_timetable` VALUES (400, 7, 20051102, 1031, 202201, '第一学期', 5, 4);
INSERT INTO `sys_timetable` VALUES (401, 33, 20051102, 1055, 202207, '第一学期', 6, 4);
INSERT INTO `sys_timetable` VALUES (402, 86, 20051102, 1058, 202202, '第一学期', 4, 2);
INSERT INTO `sys_timetable` VALUES (403, 78, 20051102, 1065, 202213, '第一学期', 2, 5);
INSERT INTO `sys_timetable` VALUES (404, 49, 20051103, 1038, 202203, '第一学期', 6, 2);
INSERT INTO `sys_timetable` VALUES (405, 85, 20051103, 1033, 202212, '第一学期', 2, 6);
INSERT INTO `sys_timetable` VALUES (406, 46, 20051103, 1027, 202208, '第一学期', 6, 2);
INSERT INTO `sys_timetable` VALUES (407, 20, 20051103, 1015, 202208, '第一学期', 2, 1);
INSERT INTO `sys_timetable` VALUES (408, 44, 20051103, 1005, 202212, '第一学期', 3, 4);
INSERT INTO `sys_timetable` VALUES (409, 63, 20051103, 1067, 202205, '第一学期', 6, 7);
INSERT INTO `sys_timetable` VALUES (410, 16, 20051103, 1002, 202213, '第一学期', 1, 4);
INSERT INTO `sys_timetable` VALUES (411, 19, 20051103, 1041, 202202, '第一学期', 6, 5);
INSERT INTO `sys_timetable` VALUES (412, 67, 20051103, 1012, 202213, '第一学期', 6, 2);
INSERT INTO `sys_timetable` VALUES (413, 73, 20051103, 1062, 202209, '第一学期', 5, 6);
INSERT INTO `sys_timetable` VALUES (414, 41, 20051103, 1043, 202209, '第一学期', 1, 3);
INSERT INTO `sys_timetable` VALUES (415, 83, 20051103, 1020, 202203, '第一学期', 1, 4);
INSERT INTO `sys_timetable` VALUES (416, 31, 20051104, 1061, 202209, '第一学期', 2, 7);
INSERT INTO `sys_timetable` VALUES (417, 41, 20051104, 1074, 202214, '第一学期', 2, 1);
INSERT INTO `sys_timetable` VALUES (418, 15, 20051104, 1070, 202213, '第一学期', 4, 7);
INSERT INTO `sys_timetable` VALUES (419, 70, 20051104, 1047, 202207, '第一学期', 3, 3);
INSERT INTO `sys_timetable` VALUES (420, 59, 20051104, 1042, 202202, '第一学期', 1, 3);
INSERT INTO `sys_timetable` VALUES (421, 7, 20051104, 1066, 202203, '第一学期', 1, 3);
INSERT INTO `sys_timetable` VALUES (422, 85, 20051104, 1085, 202209, '第一学期', 3, 4);
INSERT INTO `sys_timetable` VALUES (423, 33, 20051104, 1041, 202211, '第一学期', 1, 5);
INSERT INTO `sys_timetable` VALUES (424, 41, 20051104, 1034, 202207, '第一学期', 6, 1);
INSERT INTO `sys_timetable` VALUES (425, 63, 20051104, 1005, 202204, '第一学期', 2, 3);
INSERT INTO `sys_timetable` VALUES (426, 62, 20051104, 1012, 202211, '第一学期', 1, 4);
INSERT INTO `sys_timetable` VALUES (427, 78, 20051104, 1043, 202202, '第一学期', 2, 3);
INSERT INTO `sys_timetable` VALUES (428, 3, 20051105, 1079, 202213, '第一学期', 5, 5);
INSERT INTO `sys_timetable` VALUES (429, 2, 20051105, 1027, 202211, '第一学期', 4, 5);
INSERT INTO `sys_timetable` VALUES (430, 60, 20051105, 1024, 202210, '第一学期', 4, 3);
INSERT INTO `sys_timetable` VALUES (431, 46, 20051105, 1017, 202212, '第一学期', 3, 5);
INSERT INTO `sys_timetable` VALUES (432, 56, 20051105, 1006, 202210, '第一学期', 1, 1);
INSERT INTO `sys_timetable` VALUES (433, 66, 20051105, 1038, 202205, '第一学期', 1, 1);
INSERT INTO `sys_timetable` VALUES (434, 35, 20051105, 1076, 202210, '第一学期', 5, 3);
INSERT INTO `sys_timetable` VALUES (435, 39, 20051105, 1028, 202204, '第一学期', 2, 7);
INSERT INTO `sys_timetable` VALUES (436, 8, 20051105, 1032, 202208, '第一学期', 1, 6);
INSERT INTO `sys_timetable` VALUES (437, 55, 20051105, 1075, 202207, '第一学期', 1, 7);
INSERT INTO `sys_timetable` VALUES (438, 22, 20051105, 1010, 202203, '第一学期', 2, 6);
INSERT INTO `sys_timetable` VALUES (439, 40, 20051105, 1030, 202204, '第一学期', 5, 2);
INSERT INTO `sys_timetable` VALUES (440, 36, 20051106, 1076, 202213, '第一学期', 5, 4);
INSERT INTO `sys_timetable` VALUES (441, 43, 20051106, 1070, 202202, '第一学期', 5, 5);
INSERT INTO `sys_timetable` VALUES (442, 7, 20051106, 1085, 202214, '第一学期', 5, 1);
INSERT INTO `sys_timetable` VALUES (443, 15, 20051106, 1022, 202209, '第一学期', 1, 6);
INSERT INTO `sys_timetable` VALUES (444, 63, 20051106, 1063, 202213, '第一学期', 2, 7);
INSERT INTO `sys_timetable` VALUES (445, 27, 20051106, 1043, 202209, '第一学期', 3, 2);
INSERT INTO `sys_timetable` VALUES (446, 35, 20051106, 1081, 202210, '第一学期', 4, 2);
INSERT INTO `sys_timetable` VALUES (447, 17, 20051106, 1002, 202201, '第一学期', 4, 7);
INSERT INTO `sys_timetable` VALUES (448, 69, 20051106, 1083, 202201, '第一学期', 4, 5);
INSERT INTO `sys_timetable` VALUES (449, 36, 20051106, 1036, 202208, '第一学期', 1, 3);
INSERT INTO `sys_timetable` VALUES (450, 44, 20051106, 1032, 202213, '第一学期', 4, 5);
INSERT INTO `sys_timetable` VALUES (451, 9, 20051106, 1066, 202212, '第一学期', 2, 5);
INSERT INTO `sys_timetable` VALUES (452, 23, 20051107, 1047, 202211, '第一学期', 2, 5);
INSERT INTO `sys_timetable` VALUES (453, 70, 20051107, 1010, 202213, '第一学期', 4, 5);
INSERT INTO `sys_timetable` VALUES (454, 82, 20051107, 1054, 202211, '第一学期', 6, 2);
INSERT INTO `sys_timetable` VALUES (455, 73, 20051107, 1066, 202204, '第一学期', 6, 1);
INSERT INTO `sys_timetable` VALUES (456, 40, 20051107, 1056, 202215, '第一学期', 3, 2);
INSERT INTO `sys_timetable` VALUES (457, 23, 20051107, 1039, 202209, '第一学期', 2, 7);
INSERT INTO `sys_timetable` VALUES (458, 32, 20051107, 1065, 202207, '第一学期', 3, 5);
INSERT INTO `sys_timetable` VALUES (459, 38, 20051107, 1076, 202210, '第一学期', 4, 2);
INSERT INTO `sys_timetable` VALUES (460, 32, 20051107, 1047, 202202, '第一学期', 2, 4);
INSERT INTO `sys_timetable` VALUES (461, 53, 20051107, 1077, 202202, '第一学期', 6, 4);
INSERT INTO `sys_timetable` VALUES (462, 2, 20051107, 1005, 202205, '第一学期', 1, 4);
INSERT INTO `sys_timetable` VALUES (463, 61, 20051107, 1071, 202212, '第一学期', 2, 2);
INSERT INTO `sys_timetable` VALUES (464, 38, 20051108, 1057, 202209, '第一学期', 4, 7);
INSERT INTO `sys_timetable` VALUES (465, 47, 20051108, 1065, 202215, '第一学期', 1, 6);
INSERT INTO `sys_timetable` VALUES (466, 23, 20051108, 1044, 202215, '第一学期', 2, 7);
INSERT INTO `sys_timetable` VALUES (467, 27, 20051108, 1054, 202214, '第一学期', 1, 3);
INSERT INTO `sys_timetable` VALUES (468, 67, 20051108, 1077, 202210, '第一学期', 2, 7);
INSERT INTO `sys_timetable` VALUES (469, 16, 20051108, 1023, 202208, '第一学期', 4, 3);
INSERT INTO `sys_timetable` VALUES (470, 22, 20051108, 1046, 202209, '第一学期', 1, 5);
INSERT INTO `sys_timetable` VALUES (471, 59, 20051108, 1062, 202213, '第一学期', 6, 5);
INSERT INTO `sys_timetable` VALUES (472, 77, 20051108, 1078, 202205, '第一学期', 4, 6);
INSERT INTO `sys_timetable` VALUES (473, 83, 20051108, 1011, 202202, '第一学期', 3, 7);
INSERT INTO `sys_timetable` VALUES (474, 77, 20051108, 1001, 202215, '第一学期', 5, 2);
INSERT INTO `sys_timetable` VALUES (475, 14, 20051108, 1052, 202212, '第一学期', 4, 3);
INSERT INTO `sys_timetable` VALUES (476, 44, 20051109, 1043, 202207, '第一学期', 4, 4);
INSERT INTO `sys_timetable` VALUES (477, 18, 20051109, 1074, 202204, '第一学期', 2, 7);
INSERT INTO `sys_timetable` VALUES (478, 39, 20051109, 1055, 202207, '第一学期', 1, 7);
INSERT INTO `sys_timetable` VALUES (479, 4, 20051109, 1054, 202209, '第一学期', 1, 5);
INSERT INTO `sys_timetable` VALUES (480, 44, 20051109, 1085, 202210, '第一学期', 5, 1);
INSERT INTO `sys_timetable` VALUES (481, 49, 20051109, 1069, 202205, '第一学期', 5, 5);
INSERT INTO `sys_timetable` VALUES (482, 35, 20051109, 1056, 202209, '第一学期', 3, 5);
INSERT INTO `sys_timetable` VALUES (483, 69, 20051109, 1030, 202208, '第一学期', 1, 3);
INSERT INTO `sys_timetable` VALUES (484, 56, 20051109, 1009, 202210, '第一学期', 2, 7);
INSERT INTO `sys_timetable` VALUES (485, 43, 20051109, 1052, 202204, '第一学期', 2, 3);
INSERT INTO `sys_timetable` VALUES (486, 38, 20051109, 1027, 202203, '第一学期', 5, 3);
INSERT INTO `sys_timetable` VALUES (487, 57, 20051109, 1049, 202214, '第一学期', 5, 5);
INSERT INTO `sys_timetable` VALUES (488, 59, 20051110, 1033, 202214, '第一学期', 3, 5);
INSERT INTO `sys_timetable` VALUES (489, 20, 20051110, 1045, 202203, '第一学期', 1, 5);
INSERT INTO `sys_timetable` VALUES (490, 25, 20051110, 1059, 202212, '第一学期', 4, 4);
INSERT INTO `sys_timetable` VALUES (491, 66, 20051110, 1019, 202208, '第一学期', 5, 5);
INSERT INTO `sys_timetable` VALUES (492, 16, 20051110, 1063, 202205, '第一学期', 5, 1);
INSERT INTO `sys_timetable` VALUES (493, 59, 20051110, 1039, 202212, '第一学期', 5, 6);
INSERT INTO `sys_timetable` VALUES (494, 13, 20051110, 1018, 202214, '第一学期', 1, 1);
INSERT INTO `sys_timetable` VALUES (495, 8, 20051110, 1046, 202206, '第一学期', 4, 1);
INSERT INTO `sys_timetable` VALUES (496, 2, 20051110, 1073, 202207, '第一学期', 1, 7);
INSERT INTO `sys_timetable` VALUES (497, 24, 20051110, 1074, 202206, '第一学期', 5, 2);
INSERT INTO `sys_timetable` VALUES (498, 23, 20051110, 1023, 202203, '第一学期', 4, 5);
INSERT INTO `sys_timetable` VALUES (499, 16, 20051110, 1079, 202208, '第一学期', 2, 3);
INSERT INTO `sys_timetable` VALUES (500, 40, 20051211, 1083, 202204, '第一学期', 2, 4);
INSERT INTO `sys_timetable` VALUES (501, 32, 20051211, 1025, 202214, '第一学期', 2, 5);
INSERT INTO `sys_timetable` VALUES (502, 55, 20051211, 1070, 202201, '第一学期', 4, 3);
INSERT INTO `sys_timetable` VALUES (503, 74, 20051211, 1077, 202214, '第一学期', 1, 4);
INSERT INTO `sys_timetable` VALUES (504, 29, 20051211, 1068, 202212, '第一学期', 3, 4);
INSERT INTO `sys_timetable` VALUES (505, 54, 20051211, 1024, 202201, '第一学期', 6, 1);
INSERT INTO `sys_timetable` VALUES (506, 74, 20051211, 1023, 202203, '第一学期', 1, 6);
INSERT INTO `sys_timetable` VALUES (507, 44, 20051211, 1058, 202203, '第一学期', 4, 3);
INSERT INTO `sys_timetable` VALUES (508, 67, 20051211, 1069, 202202, '第一学期', 1, 7);
INSERT INTO `sys_timetable` VALUES (509, 81, 20051211, 1002, 202202, '第一学期', 2, 6);
INSERT INTO `sys_timetable` VALUES (510, 68, 20051211, 1074, 202207, '第一学期', 3, 7);
INSERT INTO `sys_timetable` VALUES (511, 71, 20051211, 1057, 202213, '第一学期', 6, 6);
INSERT INTO `sys_timetable` VALUES (512, 83, 20051212, 1044, 202202, '第一学期', 3, 1);
INSERT INTO `sys_timetable` VALUES (513, 35, 20051212, 1037, 202213, '第一学期', 5, 6);
INSERT INTO `sys_timetable` VALUES (514, 18, 20051212, 1067, 202206, '第一学期', 4, 3);
INSERT INTO `sys_timetable` VALUES (515, 65, 20051212, 1072, 202207, '第一学期', 2, 1);
INSERT INTO `sys_timetable` VALUES (516, 53, 20051212, 1040, 202204, '第一学期', 5, 6);
INSERT INTO `sys_timetable` VALUES (517, 82, 20051212, 1073, 202204, '第一学期', 4, 4);
INSERT INTO `sys_timetable` VALUES (518, 36, 20051212, 1015, 202204, '第一学期', 1, 7);
INSERT INTO `sys_timetable` VALUES (519, 17, 20051212, 1008, 202213, '第一学期', 5, 4);
INSERT INTO `sys_timetable` VALUES (520, 40, 20051212, 1077, 202212, '第一学期', 4, 3);
INSERT INTO `sys_timetable` VALUES (521, 35, 20051212, 1076, 202205, '第一学期', 2, 1);
INSERT INTO `sys_timetable` VALUES (522, 1, 20051212, 1047, 202201, '第一学期', 1, 1);
INSERT INTO `sys_timetable` VALUES (523, 54, 20051212, 1070, 202204, '第一学期', 2, 6);
INSERT INTO `sys_timetable` VALUES (524, 42, 20051213, 1043, 202210, '第一学期', 1, 4);
INSERT INTO `sys_timetable` VALUES (525, 51, 20051213, 1059, 202212, '第一学期', 6, 1);
INSERT INTO `sys_timetable` VALUES (526, 70, 20051213, 1013, 202208, '第一学期', 6, 4);
INSERT INTO `sys_timetable` VALUES (527, 26, 20051213, 1021, 202214, '第一学期', 5, 7);
INSERT INTO `sys_timetable` VALUES (528, 53, 20051213, 1043, 202203, '第一学期', 6, 5);
INSERT INTO `sys_timetable` VALUES (529, 66, 20051213, 1056, 202209, '第一学期', 2, 1);
INSERT INTO `sys_timetable` VALUES (530, 80, 20051213, 1018, 202212, '第一学期', 4, 5);
INSERT INTO `sys_timetable` VALUES (531, 62, 20051213, 1069, 202213, '第一学期', 4, 3);
INSERT INTO `sys_timetable` VALUES (532, 34, 20051213, 1059, 202202, '第一学期', 4, 1);
INSERT INTO `sys_timetable` VALUES (533, 56, 20051213, 1019, 202213, '第一学期', 1, 6);
INSERT INTO `sys_timetable` VALUES (534, 59, 20051213, 1002, 202208, '第一学期', 5, 3);
INSERT INTO `sys_timetable` VALUES (535, 40, 20051213, 1063, 202202, '第一学期', 1, 6);
INSERT INTO `sys_timetable` VALUES (536, 40, 20051214, 1085, 202215, '第一学期', 2, 6);
INSERT INTO `sys_timetable` VALUES (537, 8, 20051214, 1010, 202209, '第一学期', 6, 7);
INSERT INTO `sys_timetable` VALUES (538, 19, 20051214, 1044, 202213, '第一学期', 6, 6);
INSERT INTO `sys_timetable` VALUES (539, 34, 20051214, 1050, 202213, '第一学期', 4, 3);
INSERT INTO `sys_timetable` VALUES (540, 75, 20051214, 1060, 202212, '第一学期', 5, 5);
INSERT INTO `sys_timetable` VALUES (541, 84, 20051214, 1045, 202209, '第一学期', 4, 1);
INSERT INTO `sys_timetable` VALUES (542, 75, 20051214, 1008, 202213, '第一学期', 5, 2);
INSERT INTO `sys_timetable` VALUES (543, 56, 20051214, 1012, 202205, '第一学期', 4, 6);
INSERT INTO `sys_timetable` VALUES (544, 85, 20051214, 1071, 202202, '第一学期', 5, 4);
INSERT INTO `sys_timetable` VALUES (545, 2, 20051214, 1005, 202203, '第一学期', 4, 5);
INSERT INTO `sys_timetable` VALUES (546, 68, 20051214, 1007, 202203, '第一学期', 4, 4);
INSERT INTO `sys_timetable` VALUES (547, 82, 20051214, 1009, 202206, '第一学期', 6, 6);
INSERT INTO `sys_timetable` VALUES (548, 43, 20051215, 1047, 202208, '第一学期', 1, 5);
INSERT INTO `sys_timetable` VALUES (549, 47, 20051215, 1026, 202204, '第一学期', 2, 6);
INSERT INTO `sys_timetable` VALUES (550, 27, 20051215, 1058, 202215, '第一学期', 6, 6);
INSERT INTO `sys_timetable` VALUES (551, 19, 20051215, 1083, 202201, '第一学期', 2, 4);
INSERT INTO `sys_timetable` VALUES (552, 77, 20051215, 1022, 202201, '第一学期', 4, 1);
INSERT INTO `sys_timetable` VALUES (553, 86, 20051215, 1070, 202215, '第一学期', 3, 2);
INSERT INTO `sys_timetable` VALUES (554, 21, 20051215, 1021, 202202, '第一学期', 1, 7);
INSERT INTO `sys_timetable` VALUES (555, 53, 20051215, 1044, 202212, '第一学期', 2, 2);
INSERT INTO `sys_timetable` VALUES (556, 17, 20051215, 1056, 202208, '第一学期', 5, 7);
INSERT INTO `sys_timetable` VALUES (557, 76, 20051215, 1008, 202212, '第一学期', 5, 7);
INSERT INTO `sys_timetable` VALUES (558, 77, 20051215, 1018, 202211, '第一学期', 2, 1);
INSERT INTO `sys_timetable` VALUES (559, 75, 20051215, 1020, 202204, '第一学期', 3, 5);
INSERT INTO `sys_timetable` VALUES (560, 29, 20051216, 1054, 202209, '第一学期', 1, 3);
INSERT INTO `sys_timetable` VALUES (561, 51, 20051216, 1002, 202208, '第一学期', 6, 1);
INSERT INTO `sys_timetable` VALUES (562, 8, 20051216, 1085, 202207, '第一学期', 5, 2);
INSERT INTO `sys_timetable` VALUES (563, 67, 20051216, 1080, 202208, '第一学期', 5, 4);
INSERT INTO `sys_timetable` VALUES (564, 35, 20051216, 1002, 202205, '第一学期', 2, 6);
INSERT INTO `sys_timetable` VALUES (565, 46, 20051216, 1069, 202213, '第一学期', 4, 6);
INSERT INTO `sys_timetable` VALUES (566, 30, 20051216, 1025, 202208, '第一学期', 4, 6);
INSERT INTO `sys_timetable` VALUES (567, 4, 20051216, 1032, 202210, '第一学期', 5, 3);
INSERT INTO `sys_timetable` VALUES (568, 51, 20051216, 1071, 202213, '第一学期', 2, 5);
INSERT INTO `sys_timetable` VALUES (569, 69, 20051216, 1083, 202210, '第一学期', 5, 1);
INSERT INTO `sys_timetable` VALUES (570, 5, 20051216, 1004, 202214, '第一学期', 4, 3);
INSERT INTO `sys_timetable` VALUES (571, 54, 20051216, 1013, 202204, '第一学期', 3, 3);
INSERT INTO `sys_timetable` VALUES (572, 14, 20051217, 1024, 202212, '第一学期', 3, 2);
INSERT INTO `sys_timetable` VALUES (573, 12, 20051217, 1041, 202204, '第一学期', 4, 2);
INSERT INTO `sys_timetable` VALUES (574, 61, 20051217, 1077, 202211, '第一学期', 4, 6);
INSERT INTO `sys_timetable` VALUES (575, 63, 20051217, 1052, 202210, '第一学期', 2, 3);
INSERT INTO `sys_timetable` VALUES (576, 77, 20051217, 1036, 202208, '第一学期', 4, 2);
INSERT INTO `sys_timetable` VALUES (577, 14, 20051217, 1022, 202213, '第一学期', 2, 2);
INSERT INTO `sys_timetable` VALUES (578, 85, 20051217, 1085, 202204, '第一学期', 1, 7);
INSERT INTO `sys_timetable` VALUES (579, 2, 20051217, 1082, 202213, '第一学期', 3, 3);
INSERT INTO `sys_timetable` VALUES (580, 64, 20051217, 1054, 202215, '第一学期', 6, 4);
INSERT INTO `sys_timetable` VALUES (581, 48, 20051217, 1047, 202209, '第一学期', 4, 6);
INSERT INTO `sys_timetable` VALUES (582, 25, 20051217, 1074, 202201, '第一学期', 3, 1);
INSERT INTO `sys_timetable` VALUES (583, 41, 20051217, 1002, 202206, '第一学期', 6, 5);
INSERT INTO `sys_timetable` VALUES (584, 60, 20051218, 1062, 202205, '第一学期', 5, 5);
INSERT INTO `sys_timetable` VALUES (585, 17, 20051218, 1068, 202211, '第一学期', 3, 1);
INSERT INTO `sys_timetable` VALUES (586, 73, 20051218, 1007, 202212, '第一学期', 5, 6);
INSERT INTO `sys_timetable` VALUES (587, 10, 20051218, 1068, 202208, '第一学期', 2, 1);
INSERT INTO `sys_timetable` VALUES (588, 12, 20051218, 1080, 202207, '第一学期', 5, 1);
INSERT INTO `sys_timetable` VALUES (589, 32, 20051218, 1013, 202212, '第一学期', 3, 4);
INSERT INTO `sys_timetable` VALUES (590, 72, 20051218, 1035, 202205, '第一学期', 4, 7);
INSERT INTO `sys_timetable` VALUES (591, 30, 20051218, 1049, 202202, '第一学期', 3, 4);
INSERT INTO `sys_timetable` VALUES (592, 22, 20051218, 1044, 202202, '第一学期', 6, 7);
INSERT INTO `sys_timetable` VALUES (593, 79, 20051218, 1007, 202211, '第一学期', 5, 4);
INSERT INTO `sys_timetable` VALUES (594, 7, 20051218, 1067, 202204, '第一学期', 3, 5);
INSERT INTO `sys_timetable` VALUES (595, 77, 20051218, 1030, 202204, '第一学期', 5, 2);
INSERT INTO `sys_timetable` VALUES (596, 71, 20051219, 1001, 202209, '第一学期', 4, 6);
INSERT INTO `sys_timetable` VALUES (597, 78, 20051219, 1076, 202210, '第一学期', 4, 5);
INSERT INTO `sys_timetable` VALUES (598, 41, 20051219, 1083, 202212, '第一学期', 5, 3);
INSERT INTO `sys_timetable` VALUES (599, 67, 20051219, 1022, 202207, '第一学期', 6, 7);
INSERT INTO `sys_timetable` VALUES (600, 38, 20051219, 1060, 202209, '第一学期', 5, 4);
INSERT INTO `sys_timetable` VALUES (601, 69, 20051219, 1028, 202204, '第一学期', 6, 6);
INSERT INTO `sys_timetable` VALUES (602, 33, 20051219, 1072, 202204, '第一学期', 2, 3);
INSERT INTO `sys_timetable` VALUES (603, 42, 20051219, 1008, 202210, '第一学期', 3, 7);
INSERT INTO `sys_timetable` VALUES (604, 4, 20051219, 1014, 202211, '第一学期', 5, 4);
INSERT INTO `sys_timetable` VALUES (605, 1, 20051219, 1054, 202202, '第一学期', 5, 7);
INSERT INTO `sys_timetable` VALUES (606, 74, 20051219, 1020, 202214, '第一学期', 2, 7);
INSERT INTO `sys_timetable` VALUES (607, 48, 20051219, 1023, 202211, '第一学期', 3, 3);
INSERT INTO `sys_timetable` VALUES (608, 75, 20051220, 1034, 202208, '第一学期', 4, 1);
INSERT INTO `sys_timetable` VALUES (609, 84, 20051220, 1020, 202208, '第一学期', 1, 1);
INSERT INTO `sys_timetable` VALUES (610, 38, 20051220, 1009, 202201, '第一学期', 4, 6);
INSERT INTO `sys_timetable` VALUES (611, 15, 20051220, 1059, 202209, '第一学期', 5, 2);
INSERT INTO `sys_timetable` VALUES (612, 70, 20051220, 1056, 202204, '第一学期', 3, 3);
INSERT INTO `sys_timetable` VALUES (613, 74, 20051220, 1068, 202206, '第一学期', 5, 3);
INSERT INTO `sys_timetable` VALUES (614, 40, 20051220, 1014, 202214, '第一学期', 4, 5);
INSERT INTO `sys_timetable` VALUES (615, 64, 20051220, 1073, 202211, '第一学期', 6, 2);
INSERT INTO `sys_timetable` VALUES (616, 5, 20051220, 1020, 202211, '第一学期', 1, 3);
INSERT INTO `sys_timetable` VALUES (617, 75, 20051220, 1084, 202209, '第一学期', 2, 4);
INSERT INTO `sys_timetable` VALUES (618, 6, 20051220, 1045, 202204, '第一学期', 5, 5);
INSERT INTO `sys_timetable` VALUES (619, 84, 20051220, 1065, 202208, '第一学期', 2, 2);
INSERT INTO `sys_timetable` VALUES (620, 38, 20051201, 1043, 202206, '第一学期', 5, 6);
INSERT INTO `sys_timetable` VALUES (621, 76, 20051201, 1027, 202207, '第一学期', 3, 1);
INSERT INTO `sys_timetable` VALUES (622, 79, 20051201, 1074, 202205, '第一学期', 1, 6);
INSERT INTO `sys_timetable` VALUES (623, 29, 20051201, 1041, 202203, '第一学期', 6, 1);
INSERT INTO `sys_timetable` VALUES (624, 36, 20051201, 1030, 202213, '第一学期', 6, 4);
INSERT INTO `sys_timetable` VALUES (625, 37, 20051201, 1053, 202204, '第一学期', 2, 5);
INSERT INTO `sys_timetable` VALUES (626, 45, 20051201, 1027, 202205, '第一学期', 5, 1);
INSERT INTO `sys_timetable` VALUES (627, 2, 20051201, 1047, 202206, '第一学期', 2, 5);
INSERT INTO `sys_timetable` VALUES (628, 69, 20051201, 1050, 202215, '第一学期', 1, 4);
INSERT INTO `sys_timetable` VALUES (629, 26, 20051201, 1041, 202202, '第一学期', 6, 3);
INSERT INTO `sys_timetable` VALUES (630, 20, 20051201, 1073, 202210, '第一学期', 3, 7);
INSERT INTO `sys_timetable` VALUES (631, 70, 20051201, 1003, 202206, '第一学期', 4, 2);
INSERT INTO `sys_timetable` VALUES (632, 14, 20051202, 1054, 202214, '第一学期', 1, 7);
INSERT INTO `sys_timetable` VALUES (633, 67, 20051202, 1041, 202201, '第一学期', 5, 4);
INSERT INTO `sys_timetable` VALUES (634, 10, 20051202, 1051, 202209, '第一学期', 1, 7);
INSERT INTO `sys_timetable` VALUES (635, 24, 20051202, 1009, 202209, '第一学期', 6, 7);
INSERT INTO `sys_timetable` VALUES (636, 82, 20051202, 1054, 202208, '第一学期', 5, 3);
INSERT INTO `sys_timetable` VALUES (637, 63, 20051202, 1024, 202201, '第一学期', 3, 6);
INSERT INTO `sys_timetable` VALUES (638, 9, 20051202, 1013, 202214, '第一学期', 4, 7);
INSERT INTO `sys_timetable` VALUES (639, 69, 20051202, 1038, 202206, '第一学期', 4, 7);
INSERT INTO `sys_timetable` VALUES (640, 23, 20051202, 1002, 202205, '第一学期', 6, 7);
INSERT INTO `sys_timetable` VALUES (641, 13, 20051202, 1057, 202201, '第一学期', 5, 1);
INSERT INTO `sys_timetable` VALUES (642, 29, 20051202, 1039, 202206, '第一学期', 4, 2);
INSERT INTO `sys_timetable` VALUES (643, 66, 20051202, 1028, 202202, '第一学期', 5, 5);
INSERT INTO `sys_timetable` VALUES (644, 67, 20051203, 1069, 202203, '第一学期', 4, 5);
INSERT INTO `sys_timetable` VALUES (645, 39, 20051203, 1005, 202204, '第一学期', 5, 5);
INSERT INTO `sys_timetable` VALUES (646, 23, 20051203, 1023, 202201, '第一学期', 2, 7);
INSERT INTO `sys_timetable` VALUES (647, 25, 20051203, 1067, 202202, '第一学期', 5, 2);
INSERT INTO `sys_timetable` VALUES (648, 79, 20051203, 1078, 202204, '第一学期', 4, 1);
INSERT INTO `sys_timetable` VALUES (649, 61, 20051203, 1006, 202204, '第一学期', 3, 6);
INSERT INTO `sys_timetable` VALUES (650, 52, 20051203, 1025, 202209, '第一学期', 4, 6);
INSERT INTO `sys_timetable` VALUES (651, 44, 20051203, 1066, 202209, '第一学期', 6, 5);
INSERT INTO `sys_timetable` VALUES (652, 39, 20051203, 1065, 202208, '第一学期', 6, 2);
INSERT INTO `sys_timetable` VALUES (653, 41, 20051203, 1081, 202211, '第一学期', 3, 6);
INSERT INTO `sys_timetable` VALUES (654, 44, 20051203, 1010, 202214, '第一学期', 3, 6);
INSERT INTO `sys_timetable` VALUES (655, 75, 20051203, 1044, 202214, '第一学期', 1, 3);
INSERT INTO `sys_timetable` VALUES (656, 34, 20051204, 1003, 202206, '第一学期', 2, 2);
INSERT INTO `sys_timetable` VALUES (657, 49, 20051204, 1024, 202215, '第一学期', 2, 6);
INSERT INTO `sys_timetable` VALUES (658, 19, 20051204, 1009, 202206, '第一学期', 2, 3);
INSERT INTO `sys_timetable` VALUES (659, 46, 20051204, 1042, 202209, '第一学期', 3, 6);
INSERT INTO `sys_timetable` VALUES (660, 41, 20051204, 1054, 202208, '第一学期', 2, 4);
INSERT INTO `sys_timetable` VALUES (661, 27, 20051204, 1063, 202204, '第一学期', 6, 5);
INSERT INTO `sys_timetable` VALUES (662, 54, 20051204, 1070, 202202, '第一学期', 6, 4);
INSERT INTO `sys_timetable` VALUES (663, 44, 20051204, 1047, 202206, '第一学期', 5, 4);
INSERT INTO `sys_timetable` VALUES (664, 80, 20051204, 1048, 202211, '第一学期', 3, 3);
INSERT INTO `sys_timetable` VALUES (665, 77, 20051204, 1006, 202202, '第一学期', 5, 3);
INSERT INTO `sys_timetable` VALUES (666, 58, 20051204, 1048, 202209, '第一学期', 3, 2);
INSERT INTO `sys_timetable` VALUES (667, 20, 20051204, 1001, 202215, '第一学期', 5, 7);
INSERT INTO `sys_timetable` VALUES (668, 21, 20051205, 1081, 202204, '第一学期', 4, 3);
INSERT INTO `sys_timetable` VALUES (669, 84, 20051205, 1070, 202211, '第一学期', 1, 4);
INSERT INTO `sys_timetable` VALUES (670, 51, 20051205, 1042, 202203, '第一学期', 1, 5);
INSERT INTO `sys_timetable` VALUES (671, 8, 20051205, 1047, 202209, '第一学期', 2, 3);
INSERT INTO `sys_timetable` VALUES (672, 61, 20051205, 1060, 202210, '第一学期', 1, 6);
INSERT INTO `sys_timetable` VALUES (673, 4, 20051205, 1019, 202212, '第一学期', 1, 3);
INSERT INTO `sys_timetable` VALUES (674, 71, 20051205, 1010, 202215, '第一学期', 4, 3);
INSERT INTO `sys_timetable` VALUES (675, 17, 20051205, 1073, 202205, '第一学期', 1, 2);
INSERT INTO `sys_timetable` VALUES (676, 73, 20051205, 1070, 202205, '第一学期', 2, 3);
INSERT INTO `sys_timetable` VALUES (677, 21, 20051205, 1007, 202202, '第一学期', 3, 4);
INSERT INTO `sys_timetable` VALUES (678, 26, 20051205, 1032, 202209, '第一学期', 3, 6);
INSERT INTO `sys_timetable` VALUES (679, 60, 20051205, 1020, 202213, '第一学期', 1, 2);
INSERT INTO `sys_timetable` VALUES (680, 3, 20051206, 1003, 202214, '第一学期', 4, 2);
INSERT INTO `sys_timetable` VALUES (681, 63, 20051206, 1034, 202215, '第一学期', 2, 7);
INSERT INTO `sys_timetable` VALUES (682, 35, 20051206, 1012, 202208, '第一学期', 4, 1);
INSERT INTO `sys_timetable` VALUES (683, 70, 20051206, 1030, 202215, '第一学期', 2, 1);
INSERT INTO `sys_timetable` VALUES (684, 20, 20051206, 1016, 202215, '第一学期', 4, 2);
INSERT INTO `sys_timetable` VALUES (685, 39, 20051206, 1083, 202204, '第一学期', 5, 4);
INSERT INTO `sys_timetable` VALUES (686, 23, 20051206, 1012, 202213, '第一学期', 4, 2);
INSERT INTO `sys_timetable` VALUES (687, 13, 20051206, 1081, 202203, '第一学期', 4, 3);
INSERT INTO `sys_timetable` VALUES (688, 49, 20051206, 1011, 202203, '第一学期', 1, 1);
INSERT INTO `sys_timetable` VALUES (689, 70, 20051206, 1019, 202208, '第一学期', 4, 6);
INSERT INTO `sys_timetable` VALUES (690, 2, 20051206, 1060, 202201, '第一学期', 1, 5);
INSERT INTO `sys_timetable` VALUES (691, 5, 20051206, 1022, 202209, '第一学期', 1, 4);
INSERT INTO `sys_timetable` VALUES (692, 62, 20051207, 1068, 202203, '第一学期', 5, 4);
INSERT INTO `sys_timetable` VALUES (693, 37, 20051207, 1068, 202210, '第一学期', 3, 7);
INSERT INTO `sys_timetable` VALUES (694, 44, 20051207, 1003, 202206, '第一学期', 3, 3);
INSERT INTO `sys_timetable` VALUES (695, 33, 20051207, 1076, 202214, '第一学期', 1, 3);
INSERT INTO `sys_timetable` VALUES (696, 70, 20051207, 1036, 202210, '第一学期', 1, 2);
INSERT INTO `sys_timetable` VALUES (697, 78, 20051207, 1046, 202204, '第一学期', 4, 3);
INSERT INTO `sys_timetable` VALUES (698, 31, 20051207, 1058, 202204, '第一学期', 4, 2);
INSERT INTO `sys_timetable` VALUES (699, 20, 20051207, 1031, 202207, '第一学期', 3, 7);
INSERT INTO `sys_timetable` VALUES (700, 62, 20051207, 1054, 202213, '第一学期', 4, 3);
INSERT INTO `sys_timetable` VALUES (701, 16, 20051207, 1040, 202215, '第一学期', 1, 6);
INSERT INTO `sys_timetable` VALUES (702, 66, 20051207, 1019, 202201, '第一学期', 5, 4);
INSERT INTO `sys_timetable` VALUES (703, 51, 20051207, 1012, 202206, '第一学期', 5, 7);
INSERT INTO `sys_timetable` VALUES (704, 73, 20051208, 1053, 202209, '第一学期', 2, 7);
INSERT INTO `sys_timetable` VALUES (705, 68, 20051208, 1023, 202206, '第一学期', 5, 1);
INSERT INTO `sys_timetable` VALUES (706, 70, 20051208, 1015, 202213, '第一学期', 2, 6);
INSERT INTO `sys_timetable` VALUES (707, 21, 20051208, 1084, 202204, '第一学期', 4, 1);
INSERT INTO `sys_timetable` VALUES (708, 25, 20051208, 1078, 202206, '第一学期', 6, 2);
INSERT INTO `sys_timetable` VALUES (709, 67, 20051208, 1049, 202207, '第一学期', 4, 4);
INSERT INTO `sys_timetable` VALUES (710, 25, 20051208, 1021, 202208, '第一学期', 6, 7);
INSERT INTO `sys_timetable` VALUES (711, 81, 20051208, 1069, 202206, '第一学期', 6, 4);
INSERT INTO `sys_timetable` VALUES (712, 1, 20051208, 1045, 202207, '第一学期', 4, 4);
INSERT INTO `sys_timetable` VALUES (713, 84, 20051208, 1076, 202201, '第一学期', 6, 1);
INSERT INTO `sys_timetable` VALUES (714, 59, 20051208, 1045, 202202, '第一学期', 1, 6);
INSERT INTO `sys_timetable` VALUES (715, 29, 20051208, 1030, 202210, '第一学期', 3, 7);
INSERT INTO `sys_timetable` VALUES (716, 23, 20051209, 1085, 202205, '第一学期', 2, 3);
INSERT INTO `sys_timetable` VALUES (717, 69, 20051209, 1084, 202202, '第一学期', 5, 3);
INSERT INTO `sys_timetable` VALUES (718, 26, 20051209, 1025, 202215, '第一学期', 6, 2);
INSERT INTO `sys_timetable` VALUES (719, 17, 20051209, 1081, 202202, '第一学期', 2, 4);
INSERT INTO `sys_timetable` VALUES (720, 30, 20051209, 1031, 202208, '第一学期', 4, 6);
INSERT INTO `sys_timetable` VALUES (721, 84, 20051209, 1006, 202213, '第一学期', 5, 1);
INSERT INTO `sys_timetable` VALUES (722, 54, 20051209, 1052, 202210, '第一学期', 3, 1);
INSERT INTO `sys_timetable` VALUES (723, 73, 20051209, 1079, 202214, '第一学期', 6, 3);
INSERT INTO `sys_timetable` VALUES (724, 23, 20051209, 1014, 202201, '第一学期', 3, 3);
INSERT INTO `sys_timetable` VALUES (725, 72, 20051209, 1069, 202204, '第一学期', 3, 4);
INSERT INTO `sys_timetable` VALUES (726, 81, 20051209, 1049, 202205, '第一学期', 3, 5);
INSERT INTO `sys_timetable` VALUES (727, 49, 20051209, 1004, 202207, '第一学期', 4, 7);
INSERT INTO `sys_timetable` VALUES (728, 62, 20051210, 1075, 202209, '第一学期', 4, 7);
INSERT INTO `sys_timetable` VALUES (729, 21, 20051210, 1071, 202204, '第一学期', 3, 7);
INSERT INTO `sys_timetable` VALUES (730, 22, 20051210, 1072, 202203, '第一学期', 1, 3);
INSERT INTO `sys_timetable` VALUES (731, 32, 20051210, 1011, 202204, '第一学期', 4, 6);
INSERT INTO `sys_timetable` VALUES (732, 6, 20051210, 1033, 202215, '第一学期', 5, 5);
INSERT INTO `sys_timetable` VALUES (733, 25, 20051210, 1043, 202208, '第一学期', 5, 5);
INSERT INTO `sys_timetable` VALUES (734, 24, 20051210, 1082, 202204, '第一学期', 6, 7);
INSERT INTO `sys_timetable` VALUES (735, 56, 20051210, 1041, 202210, '第一学期', 1, 3);
INSERT INTO `sys_timetable` VALUES (736, 13, 20051210, 1055, 202210, '第一学期', 4, 5);
INSERT INTO `sys_timetable` VALUES (737, 44, 20051210, 1064, 202212, '第一学期', 2, 2);
INSERT INTO `sys_timetable` VALUES (738, 72, 20051210, 1015, 202202, '第一学期', 5, 3);
INSERT INTO `sys_timetable` VALUES (739, 1, 20051210, 1057, 202210, '第一学期', 3, 7);
INSERT INTO `sys_timetable` VALUES (740, 57, 20061011, 1066, 200603, '第一学期', 6, 4);
INSERT INTO `sys_timetable` VALUES (741, 35, 20061011, 1038, 200602, '第一学期', 1, 6);
INSERT INTO `sys_timetable` VALUES (742, 85, 20061011, 1022, 200605, '第一学期', 2, 6);
INSERT INTO `sys_timetable` VALUES (743, 35, 20061011, 1026, 200610, '第一学期', 6, 7);
INSERT INTO `sys_timetable` VALUES (744, 76, 20061011, 1072, 200613, '第一学期', 5, 2);
INSERT INTO `sys_timetable` VALUES (745, 59, 20061011, 1043, 200608, '第一学期', 4, 6);
INSERT INTO `sys_timetable` VALUES (746, 71, 20061011, 1019, 200613, '第一学期', 4, 1);
INSERT INTO `sys_timetable` VALUES (747, 15, 20061011, 1076, 200609, '第一学期', 2, 6);
INSERT INTO `sys_timetable` VALUES (748, 23, 20061011, 1004, 200602, '第一学期', 6, 4);
INSERT INTO `sys_timetable` VALUES (749, 34, 20061011, 1073, 200605, '第一学期', 5, 1);
INSERT INTO `sys_timetable` VALUES (750, 43, 20061011, 1016, 200613, '第一学期', 5, 1);
INSERT INTO `sys_timetable` VALUES (751, 24, 20061011, 1012, 200607, '第一学期', 1, 5);
INSERT INTO `sys_timetable` VALUES (752, 11, 20061012, 1041, 200609, '第一学期', 3, 4);
INSERT INTO `sys_timetable` VALUES (753, 64, 20061012, 1039, 200610, '第一学期', 6, 4);
INSERT INTO `sys_timetable` VALUES (754, 29, 20061012, 1050, 200601, '第一学期', 5, 2);
INSERT INTO `sys_timetable` VALUES (755, 80, 20061012, 1030, 200610, '第一学期', 4, 1);
INSERT INTO `sys_timetable` VALUES (756, 77, 20061012, 1039, 200601, '第一学期', 4, 1);
INSERT INTO `sys_timetable` VALUES (757, 51, 20061012, 1065, 200607, '第一学期', 1, 5);
INSERT INTO `sys_timetable` VALUES (758, 43, 20061012, 1042, 200607, '第一学期', 2, 6);
INSERT INTO `sys_timetable` VALUES (759, 50, 20061012, 1082, 200609, '第一学期', 4, 6);
INSERT INTO `sys_timetable` VALUES (760, 70, 20061012, 1062, 200613, '第一学期', 1, 5);
INSERT INTO `sys_timetable` VALUES (761, 18, 20061012, 1022, 200611, '第一学期', 2, 1);
INSERT INTO `sys_timetable` VALUES (762, 79, 20061012, 1033, 200601, '第一学期', 1, 4);
INSERT INTO `sys_timetable` VALUES (763, 74, 20061012, 1011, 200610, '第一学期', 4, 6);
INSERT INTO `sys_timetable` VALUES (764, 23, 20061013, 1056, 200604, '第一学期', 5, 4);
INSERT INTO `sys_timetable` VALUES (765, 70, 20061013, 1051, 200601, '第一学期', 5, 2);
INSERT INTO `sys_timetable` VALUES (766, 63, 20061013, 1067, 200610, '第一学期', 1, 6);
INSERT INTO `sys_timetable` VALUES (767, 21, 20061013, 1069, 200611, '第一学期', 3, 4);
INSERT INTO `sys_timetable` VALUES (768, 80, 20061013, 1043, 200603, '第一学期', 1, 1);
INSERT INTO `sys_timetable` VALUES (769, 72, 20061013, 1011, 200604, '第一学期', 1, 1);
INSERT INTO `sys_timetable` VALUES (770, 52, 20061013, 1032, 200609, '第一学期', 2, 4);
INSERT INTO `sys_timetable` VALUES (771, 84, 20061013, 1072, 200601, '第一学期', 1, 3);
INSERT INTO `sys_timetable` VALUES (772, 52, 20061013, 1040, 200605, '第一学期', 4, 1);
INSERT INTO `sys_timetable` VALUES (773, 81, 20061013, 1052, 200604, '第一学期', 2, 5);
INSERT INTO `sys_timetable` VALUES (774, 82, 20061013, 1054, 200602, '第一学期', 2, 3);
INSERT INTO `sys_timetable` VALUES (775, 19, 20061013, 1069, 200608, '第一学期', 1, 1);
INSERT INTO `sys_timetable` VALUES (776, 69, 20061014, 1085, 200609, '第一学期', 2, 1);
INSERT INTO `sys_timetable` VALUES (777, 45, 20061014, 1012, 200609, '第一学期', 3, 6);
INSERT INTO `sys_timetable` VALUES (778, 62, 20061014, 1030, 200608, '第一学期', 3, 5);
INSERT INTO `sys_timetable` VALUES (779, 46, 20061014, 1039, 200601, '第一学期', 3, 1);
INSERT INTO `sys_timetable` VALUES (780, 35, 20061014, 1006, 200611, '第一学期', 4, 1);
INSERT INTO `sys_timetable` VALUES (781, 6, 20061014, 1064, 200605, '第一学期', 2, 4);
INSERT INTO `sys_timetable` VALUES (782, 18, 20061014, 1045, 200602, '第一学期', 3, 3);
INSERT INTO `sys_timetable` VALUES (783, 41, 20061014, 1038, 200609, '第一学期', 1, 1);
INSERT INTO `sys_timetable` VALUES (784, 5, 20061014, 1066, 200606, '第一学期', 2, 5);
INSERT INTO `sys_timetable` VALUES (785, 63, 20061014, 1010, 200610, '第一学期', 1, 3);
INSERT INTO `sys_timetable` VALUES (786, 34, 20061014, 1061, 200603, '第一学期', 1, 1);
INSERT INTO `sys_timetable` VALUES (787, 80, 20061014, 1011, 200603, '第一学期', 6, 7);
INSERT INTO `sys_timetable` VALUES (788, 4, 20061015, 1071, 200603, '第一学期', 4, 1);
INSERT INTO `sys_timetable` VALUES (789, 19, 20061015, 1073, 200605, '第一学期', 3, 3);
INSERT INTO `sys_timetable` VALUES (790, 21, 20061015, 1008, 200603, '第一学期', 2, 4);
INSERT INTO `sys_timetable` VALUES (791, 37, 20061015, 1066, 200608, '第一学期', 3, 7);
INSERT INTO `sys_timetable` VALUES (792, 53, 20061015, 1037, 200607, '第一学期', 6, 7);
INSERT INTO `sys_timetable` VALUES (793, 55, 20061015, 1077, 200606, '第一学期', 2, 2);
INSERT INTO `sys_timetable` VALUES (794, 8, 20061015, 1078, 200606, '第一学期', 4, 4);
INSERT INTO `sys_timetable` VALUES (795, 25, 20061015, 1065, 200601, '第一学期', 2, 6);
INSERT INTO `sys_timetable` VALUES (796, 2, 20061015, 1015, 200602, '第一学期', 2, 5);
INSERT INTO `sys_timetable` VALUES (797, 64, 20061015, 1040, 200610, '第一学期', 4, 4);
INSERT INTO `sys_timetable` VALUES (798, 35, 20061015, 1030, 200611, '第一学期', 5, 6);
INSERT INTO `sys_timetable` VALUES (799, 4, 20061015, 1050, 200602, '第一学期', 4, 1);
INSERT INTO `sys_timetable` VALUES (800, 61, 20061016, 1071, 200607, '第一学期', 4, 5);
INSERT INTO `sys_timetable` VALUES (801, 28, 20061016, 1028, 200613, '第一学期', 3, 1);
INSERT INTO `sys_timetable` VALUES (802, 59, 20061016, 1002, 200607, '第一学期', 2, 5);
INSERT INTO `sys_timetable` VALUES (803, 29, 20061016, 1009, 200609, '第一学期', 2, 5);
INSERT INTO `sys_timetable` VALUES (804, 48, 20061016, 1045, 200614, '第一学期', 5, 2);
INSERT INTO `sys_timetable` VALUES (805, 84, 20061016, 1063, 200605, '第一学期', 5, 5);
INSERT INTO `sys_timetable` VALUES (806, 61, 20061016, 1034, 200603, '第一学期', 3, 6);
INSERT INTO `sys_timetable` VALUES (807, 10, 20061016, 1041, 200606, '第一学期', 3, 2);
INSERT INTO `sys_timetable` VALUES (808, 7, 20061016, 1070, 200602, '第一学期', 3, 5);
INSERT INTO `sys_timetable` VALUES (809, 54, 20061016, 1010, 200603, '第一学期', 5, 6);
INSERT INTO `sys_timetable` VALUES (810, 66, 20061016, 1045, 200608, '第一学期', 3, 4);
INSERT INTO `sys_timetable` VALUES (811, 71, 20061016, 1057, 200609, '第一学期', 6, 2);
INSERT INTO `sys_timetable` VALUES (812, 50, 20061017, 1085, 200611, '第一学期', 2, 2);
INSERT INTO `sys_timetable` VALUES (813, 57, 20061017, 1037, 200613, '第一学期', 2, 4);
INSERT INTO `sys_timetable` VALUES (814, 38, 20061017, 1040, 200606, '第一学期', 1, 7);
INSERT INTO `sys_timetable` VALUES (815, 37, 20061017, 1042, 200608, '第一学期', 6, 2);
INSERT INTO `sys_timetable` VALUES (816, 14, 20061017, 1048, 200605, '第一学期', 6, 7);
INSERT INTO `sys_timetable` VALUES (817, 85, 20061017, 1050, 200610, '第一学期', 1, 5);
INSERT INTO `sys_timetable` VALUES (818, 35, 20061017, 1018, 200612, '第一学期', 5, 2);
INSERT INTO `sys_timetable` VALUES (819, 34, 20061017, 1007, 200614, '第一学期', 1, 3);
INSERT INTO `sys_timetable` VALUES (820, 63, 20061017, 1068, 200611, '第一学期', 1, 7);
INSERT INTO `sys_timetable` VALUES (821, 55, 20061017, 1063, 200609, '第一学期', 6, 6);
INSERT INTO `sys_timetable` VALUES (822, 83, 20061017, 1054, 200609, '第一学期', 6, 5);
INSERT INTO `sys_timetable` VALUES (823, 45, 20061017, 1028, 200607, '第一学期', 3, 3);
INSERT INTO `sys_timetable` VALUES (824, 70, 20061018, 1066, 200611, '第一学期', 4, 4);
INSERT INTO `sys_timetable` VALUES (825, 45, 20061018, 1064, 200613, '第一学期', 2, 1);
INSERT INTO `sys_timetable` VALUES (826, 19, 20061018, 1084, 200603, '第一学期', 4, 4);
INSERT INTO `sys_timetable` VALUES (827, 54, 20061018, 1042, 200613, '第一学期', 2, 1);
INSERT INTO `sys_timetable` VALUES (828, 12, 20061018, 1079, 200607, '第一学期', 1, 4);
INSERT INTO `sys_timetable` VALUES (829, 30, 20061018, 1078, 200611, '第一学期', 6, 6);
INSERT INTO `sys_timetable` VALUES (830, 13, 20061018, 1007, 200605, '第一学期', 1, 1);
INSERT INTO `sys_timetable` VALUES (831, 78, 20061018, 1070, 200612, '第一学期', 5, 2);
INSERT INTO `sys_timetable` VALUES (832, 56, 20061018, 1050, 200614, '第一学期', 3, 4);
INSERT INTO `sys_timetable` VALUES (833, 70, 20061018, 1009, 200604, '第一学期', 2, 3);
INSERT INTO `sys_timetable` VALUES (834, 77, 20061018, 1046, 200612, '第一学期', 5, 2);
INSERT INTO `sys_timetable` VALUES (835, 21, 20061018, 1072, 200604, '第一学期', 5, 4);
INSERT INTO `sys_timetable` VALUES (836, 84, 20061019, 1073, 200603, '第一学期', 2, 6);
INSERT INTO `sys_timetable` VALUES (837, 3, 20061019, 1030, 200601, '第一学期', 6, 7);
INSERT INTO `sys_timetable` VALUES (838, 67, 20061019, 1006, 200606, '第一学期', 1, 1);
INSERT INTO `sys_timetable` VALUES (839, 44, 20061019, 1080, 200612, '第一学期', 6, 6);
INSERT INTO `sys_timetable` VALUES (840, 82, 20061019, 1065, 200604, '第一学期', 1, 5);
INSERT INTO `sys_timetable` VALUES (841, 77, 20061019, 1065, 200602, '第一学期', 4, 5);
INSERT INTO `sys_timetable` VALUES (842, 17, 20061019, 1015, 200609, '第一学期', 2, 7);
INSERT INTO `sys_timetable` VALUES (843, 66, 20061019, 1065, 200609, '第一学期', 5, 3);
INSERT INTO `sys_timetable` VALUES (844, 79, 20061019, 1062, 200612, '第一学期', 6, 5);
INSERT INTO `sys_timetable` VALUES (845, 80, 20061019, 1024, 200607, '第一学期', 3, 4);
INSERT INTO `sys_timetable` VALUES (846, 48, 20061019, 1019, 200608, '第一学期', 4, 7);
INSERT INTO `sys_timetable` VALUES (847, 83, 20061019, 1075, 200610, '第一学期', 2, 7);
INSERT INTO `sys_timetable` VALUES (848, 7, 20061020, 1014, 200601, '第一学期', 2, 3);
INSERT INTO `sys_timetable` VALUES (849, 33, 20061020, 1069, 200608, '第一学期', 6, 4);
INSERT INTO `sys_timetable` VALUES (850, 17, 20061020, 1071, 200607, '第一学期', 6, 1);
INSERT INTO `sys_timetable` VALUES (851, 57, 20061020, 1081, 200602, '第一学期', 3, 6);
INSERT INTO `sys_timetable` VALUES (852, 63, 20061020, 1054, 200610, '第一学期', 2, 1);
INSERT INTO `sys_timetable` VALUES (853, 4, 20061020, 1023, 200607, '第一学期', 6, 5);
INSERT INTO `sys_timetable` VALUES (854, 50, 20061020, 1071, 200606, '第一学期', 4, 1);
INSERT INTO `sys_timetable` VALUES (855, 55, 20061020, 1039, 200612, '第一学期', 5, 4);
INSERT INTO `sys_timetable` VALUES (856, 78, 20061020, 1007, 200602, '第一学期', 6, 2);
INSERT INTO `sys_timetable` VALUES (857, 42, 20061020, 1045, 200603, '第一学期', 5, 2);
INSERT INTO `sys_timetable` VALUES (858, 48, 20061020, 1026, 200604, '第一学期', 5, 3);
INSERT INTO `sys_timetable` VALUES (859, 4, 20061020, 1056, 200612, '第一学期', 5, 1);
INSERT INTO `sys_timetable` VALUES (860, 21, 20061001, 1047, 200607, '第一学期', 1, 4);
INSERT INTO `sys_timetable` VALUES (861, 2, 20061001, 1050, 200605, '第一学期', 3, 1);
INSERT INTO `sys_timetable` VALUES (862, 2, 20061001, 1012, 200613, '第一学期', 4, 3);
INSERT INTO `sys_timetable` VALUES (863, 39, 20061001, 1053, 200604, '第一学期', 1, 6);
INSERT INTO `sys_timetable` VALUES (864, 26, 20061001, 1033, 200606, '第一学期', 1, 2);
INSERT INTO `sys_timetable` VALUES (865, 61, 20061001, 1023, 200610, '第一学期', 2, 2);
INSERT INTO `sys_timetable` VALUES (866, 64, 20061001, 1061, 200614, '第一学期', 2, 7);
INSERT INTO `sys_timetable` VALUES (867, 20, 20061001, 1075, 200611, '第一学期', 2, 3);
INSERT INTO `sys_timetable` VALUES (868, 41, 20061001, 1038, 200614, '第一学期', 4, 1);
INSERT INTO `sys_timetable` VALUES (869, 44, 20061001, 1041, 200601, '第一学期', 3, 1);
INSERT INTO `sys_timetable` VALUES (870, 30, 20061001, 1069, 200614, '第一学期', 2, 4);
INSERT INTO `sys_timetable` VALUES (871, 20, 20061001, 1016, 200601, '第一学期', 1, 3);
INSERT INTO `sys_timetable` VALUES (872, 8, 20061002, 1010, 200604, '第一学期', 4, 2);
INSERT INTO `sys_timetable` VALUES (873, 36, 20061002, 1069, 200608, '第一学期', 3, 2);
INSERT INTO `sys_timetable` VALUES (874, 73, 20061002, 1070, 200614, '第一学期', 6, 7);
INSERT INTO `sys_timetable` VALUES (875, 32, 20061002, 1023, 200607, '第一学期', 3, 3);
INSERT INTO `sys_timetable` VALUES (876, 57, 20061002, 1051, 200611, '第一学期', 4, 3);
INSERT INTO `sys_timetable` VALUES (877, 56, 20061002, 1072, 200605, '第一学期', 1, 2);
INSERT INTO `sys_timetable` VALUES (878, 36, 20061002, 1003, 200606, '第一学期', 5, 3);
INSERT INTO `sys_timetable` VALUES (879, 49, 20061002, 1012, 200604, '第一学期', 6, 2);
INSERT INTO `sys_timetable` VALUES (880, 42, 20061002, 1011, 200607, '第一学期', 2, 2);
INSERT INTO `sys_timetable` VALUES (881, 31, 20061002, 1010, 200603, '第一学期', 4, 2);
INSERT INTO `sys_timetable` VALUES (882, 56, 20061002, 1080, 200611, '第一学期', 3, 1);
INSERT INTO `sys_timetable` VALUES (883, 75, 20061002, 1041, 200613, '第一学期', 6, 2);
INSERT INTO `sys_timetable` VALUES (884, 85, 20061003, 1016, 200611, '第一学期', 2, 6);
INSERT INTO `sys_timetable` VALUES (885, 69, 20061003, 1074, 200605, '第一学期', 5, 5);
INSERT INTO `sys_timetable` VALUES (886, 81, 20061003, 1032, 200608, '第一学期', 3, 1);
INSERT INTO `sys_timetable` VALUES (887, 82, 20061003, 1034, 200601, '第一学期', 5, 2);
INSERT INTO `sys_timetable` VALUES (888, 1, 20061003, 1008, 200603, '第一学期', 4, 4);
INSERT INTO `sys_timetable` VALUES (889, 36, 20061003, 1040, 200611, '第一学期', 3, 2);
INSERT INTO `sys_timetable` VALUES (890, 76, 20061003, 1007, 200602, '第一学期', 6, 4);
INSERT INTO `sys_timetable` VALUES (891, 74, 20061003, 1061, 200610, '第一学期', 1, 7);
INSERT INTO `sys_timetable` VALUES (892, 69, 20061003, 1024, 200606, '第一学期', 3, 2);
INSERT INTO `sys_timetable` VALUES (893, 76, 20061003, 1066, 200606, '第一学期', 3, 6);
INSERT INTO `sys_timetable` VALUES (894, 21, 20061003, 1058, 200609, '第一学期', 2, 5);
INSERT INTO `sys_timetable` VALUES (895, 59, 20061003, 1028, 200603, '第一学期', 3, 4);
INSERT INTO `sys_timetable` VALUES (896, 37, 20061004, 1056, 200610, '第一学期', 3, 7);
INSERT INTO `sys_timetable` VALUES (897, 66, 20061004, 1040, 200603, '第一学期', 5, 7);
INSERT INTO `sys_timetable` VALUES (898, 73, 20061004, 1006, 200608, '第一学期', 1, 1);
INSERT INTO `sys_timetable` VALUES (899, 29, 20061004, 1003, 200606, '第一学期', 5, 3);
INSERT INTO `sys_timetable` VALUES (900, 9, 20061004, 1041, 200608, '第一学期', 6, 2);
INSERT INTO `sys_timetable` VALUES (901, 73, 20061004, 1041, 200602, '第一学期', 5, 1);
INSERT INTO `sys_timetable` VALUES (902, 1, 20061004, 1060, 200610, '第一学期', 3, 3);
INSERT INTO `sys_timetable` VALUES (903, 79, 20061004, 1072, 200601, '第一学期', 6, 4);
INSERT INTO `sys_timetable` VALUES (904, 33, 20061004, 1049, 200611, '第一学期', 2, 1);
INSERT INTO `sys_timetable` VALUES (905, 10, 20061004, 1075, 200609, '第一学期', 2, 6);
INSERT INTO `sys_timetable` VALUES (906, 25, 20061004, 1069, 200610, '第一学期', 5, 1);
INSERT INTO `sys_timetable` VALUES (907, 33, 20061004, 1067, 200610, '第一学期', 1, 2);
INSERT INTO `sys_timetable` VALUES (908, 5, 20061005, 1051, 200614, '第一学期', 1, 2);
INSERT INTO `sys_timetable` VALUES (909, 81, 20061005, 1016, 200601, '第一学期', 3, 3);
INSERT INTO `sys_timetable` VALUES (910, 47, 20061005, 1053, 200611, '第一学期', 3, 2);
INSERT INTO `sys_timetable` VALUES (911, 19, 20061005, 1006, 200613, '第一学期', 1, 6);
INSERT INTO `sys_timetable` VALUES (912, 6, 20061005, 1010, 200607, '第一学期', 4, 7);
INSERT INTO `sys_timetable` VALUES (913, 38, 20061005, 1050, 200602, '第一学期', 6, 1);
INSERT INTO `sys_timetable` VALUES (914, 11, 20061005, 1032, 200607, '第一学期', 1, 2);
INSERT INTO `sys_timetable` VALUES (915, 49, 20061005, 1056, 200607, '第一学期', 2, 4);
INSERT INTO `sys_timetable` VALUES (916, 14, 20061005, 1071, 200609, '第一学期', 3, 1);
INSERT INTO `sys_timetable` VALUES (917, 73, 20061005, 1051, 200606, '第一学期', 4, 3);
INSERT INTO `sys_timetable` VALUES (918, 81, 20061005, 1059, 200614, '第一学期', 3, 7);
INSERT INTO `sys_timetable` VALUES (919, 30, 20061005, 1054, 200607, '第一学期', 5, 5);
INSERT INTO `sys_timetable` VALUES (920, 21, 20061006, 1008, 200613, '第一学期', 1, 2);
INSERT INTO `sys_timetable` VALUES (921, 51, 20061006, 1070, 200605, '第一学期', 3, 5);
INSERT INTO `sys_timetable` VALUES (922, 43, 20061006, 1083, 200609, '第一学期', 6, 7);
INSERT INTO `sys_timetable` VALUES (923, 46, 20061006, 1055, 200606, '第一学期', 3, 2);
INSERT INTO `sys_timetable` VALUES (924, 71, 20061006, 1001, 200607, '第一学期', 5, 2);
INSERT INTO `sys_timetable` VALUES (925, 50, 20061006, 1016, 200610, '第一学期', 2, 4);
INSERT INTO `sys_timetable` VALUES (926, 41, 20061006, 1048, 200612, '第一学期', 6, 6);
INSERT INTO `sys_timetable` VALUES (927, 59, 20061006, 1026, 200607, '第一学期', 3, 4);
INSERT INTO `sys_timetable` VALUES (928, 19, 20061006, 1072, 200602, '第一学期', 6, 5);
INSERT INTO `sys_timetable` VALUES (929, 28, 20061006, 1036, 200613, '第一学期', 2, 1);
INSERT INTO `sys_timetable` VALUES (930, 39, 20061006, 1003, 200604, '第一学期', 1, 6);
INSERT INTO `sys_timetable` VALUES (931, 14, 20061006, 1004, 200610, '第一学期', 4, 4);
INSERT INTO `sys_timetable` VALUES (932, 20, 20061007, 1042, 200612, '第一学期', 4, 7);
INSERT INTO `sys_timetable` VALUES (933, 70, 20061007, 1003, 200605, '第一学期', 1, 3);
INSERT INTO `sys_timetable` VALUES (934, 28, 20061007, 1069, 200606, '第一学期', 5, 3);
INSERT INTO `sys_timetable` VALUES (935, 53, 20061007, 1064, 200609, '第一学期', 6, 6);
INSERT INTO `sys_timetable` VALUES (936, 11, 20061007, 1075, 200613, '第一学期', 3, 4);
INSERT INTO `sys_timetable` VALUES (937, 64, 20061007, 1054, 200610, '第一学期', 6, 7);
INSERT INTO `sys_timetable` VALUES (938, 62, 20061007, 1085, 200603, '第一学期', 1, 3);
INSERT INTO `sys_timetable` VALUES (939, 76, 20061007, 1032, 200608, '第一学期', 6, 3);
INSERT INTO `sys_timetable` VALUES (940, 9, 20061007, 1040, 200601, '第一学期', 5, 7);
INSERT INTO `sys_timetable` VALUES (941, 22, 20061007, 1005, 200607, '第一学期', 6, 6);
INSERT INTO `sys_timetable` VALUES (942, 34, 20061007, 1059, 200612, '第一学期', 4, 3);
INSERT INTO `sys_timetable` VALUES (943, 78, 20061007, 1036, 200606, '第一学期', 2, 5);
INSERT INTO `sys_timetable` VALUES (944, 2, 20061008, 1064, 200602, '第一学期', 6, 5);
INSERT INTO `sys_timetable` VALUES (945, 16, 20061008, 1082, 200606, '第一学期', 4, 7);
INSERT INTO `sys_timetable` VALUES (946, 33, 20061008, 1065, 200608, '第一学期', 3, 6);
INSERT INTO `sys_timetable` VALUES (947, 4, 20061008, 1023, 200612, '第一学期', 1, 5);
INSERT INTO `sys_timetable` VALUES (948, 27, 20061008, 1018, 200603, '第一学期', 2, 4);
INSERT INTO `sys_timetable` VALUES (949, 37, 20061008, 1019, 200601, '第一学期', 2, 1);
INSERT INTO `sys_timetable` VALUES (950, 11, 20061008, 1049, 200614, '第一学期', 5, 4);
INSERT INTO `sys_timetable` VALUES (951, 57, 20061008, 1064, 200610, '第一学期', 2, 6);
INSERT INTO `sys_timetable` VALUES (952, 86, 20061008, 1023, 200606, '第一学期', 2, 5);
INSERT INTO `sys_timetable` VALUES (953, 11, 20061008, 1003, 200601, '第一学期', 5, 7);
INSERT INTO `sys_timetable` VALUES (954, 73, 20061008, 1059, 200608, '第一学期', 5, 1);
INSERT INTO `sys_timetable` VALUES (955, 86, 20061008, 1042, 200612, '第一学期', 2, 4);
INSERT INTO `sys_timetable` VALUES (956, 17, 20061009, 1067, 200610, '第一学期', 1, 3);
INSERT INTO `sys_timetable` VALUES (957, 63, 20061009, 1062, 200612, '第一学期', 1, 7);
INSERT INTO `sys_timetable` VALUES (958, 59, 20061009, 1035, 200601, '第一学期', 2, 6);
INSERT INTO `sys_timetable` VALUES (959, 48, 20061009, 1040, 200606, '第一学期', 6, 7);
INSERT INTO `sys_timetable` VALUES (960, 9, 20061009, 1001, 200611, '第一学期', 1, 7);
INSERT INTO `sys_timetable` VALUES (961, 66, 20061009, 1034, 200611, '第一学期', 1, 7);
INSERT INTO `sys_timetable` VALUES (962, 84, 20061009, 1019, 200613, '第一学期', 3, 5);
INSERT INTO `sys_timetable` VALUES (963, 38, 20061009, 1075, 200606, '第一学期', 4, 2);
INSERT INTO `sys_timetable` VALUES (964, 20, 20061009, 1076, 200602, '第一学期', 1, 1);
INSERT INTO `sys_timetable` VALUES (965, 80, 20061009, 1038, 200603, '第一学期', 3, 1);
INSERT INTO `sys_timetable` VALUES (966, 76, 20061009, 1060, 200607, '第一学期', 2, 1);
INSERT INTO `sys_timetable` VALUES (967, 8, 20061009, 1024, 200607, '第一学期', 6, 3);
INSERT INTO `sys_timetable` VALUES (968, 65, 20061010, 1062, 200604, '第一学期', 5, 6);
INSERT INTO `sys_timetable` VALUES (969, 56, 20061010, 1037, 200607, '第一学期', 5, 1);
INSERT INTO `sys_timetable` VALUES (970, 12, 20061010, 1037, 200609, '第一学期', 1, 5);
INSERT INTO `sys_timetable` VALUES (971, 69, 20061010, 1011, 200610, '第一学期', 4, 7);
INSERT INTO `sys_timetable` VALUES (972, 41, 20061010, 1054, 200607, '第一学期', 6, 1);
INSERT INTO `sys_timetable` VALUES (973, 71, 20061010, 1014, 200611, '第一学期', 5, 2);
INSERT INTO `sys_timetable` VALUES (974, 64, 20061010, 1039, 200606, '第一学期', 1, 4);
INSERT INTO `sys_timetable` VALUES (975, 48, 20061010, 1036, 200608, '第一学期', 3, 3);
INSERT INTO `sys_timetable` VALUES (976, 46, 20061010, 1079, 200601, '第一学期', 2, 1);
INSERT INTO `sys_timetable` VALUES (977, 59, 20061010, 1056, 200604, '第一学期', 6, 6);
INSERT INTO `sys_timetable` VALUES (978, 71, 20061010, 1084, 200612, '第一学期', 6, 2);
INSERT INTO `sys_timetable` VALUES (979, 32, 20061010, 1042, 200613, '第一学期', 6, 5);
INSERT INTO `sys_timetable` VALUES (980, 73, 20061111, 1038, 200604, '第一学期', 1, 3);
INSERT INTO `sys_timetable` VALUES (981, 62, 20061111, 1058, 200602, '第一学期', 2, 4);
INSERT INTO `sys_timetable` VALUES (982, 57, 20061111, 1029, 200614, '第一学期', 6, 4);
INSERT INTO `sys_timetable` VALUES (983, 82, 20061111, 1062, 200605, '第一学期', 3, 5);
INSERT INTO `sys_timetable` VALUES (984, 34, 20061111, 1047, 200604, '第一学期', 1, 4);
INSERT INTO `sys_timetable` VALUES (985, 57, 20061111, 1062, 200613, '第一学期', 4, 3);
INSERT INTO `sys_timetable` VALUES (986, 22, 20061111, 1037, 200608, '第一学期', 2, 1);
INSERT INTO `sys_timetable` VALUES (987, 76, 20061111, 1051, 200610, '第一学期', 3, 6);
INSERT INTO `sys_timetable` VALUES (988, 6, 20061111, 1019, 200614, '第一学期', 6, 1);
INSERT INTO `sys_timetable` VALUES (989, 84, 20061111, 1077, 200604, '第一学期', 5, 2);
INSERT INTO `sys_timetable` VALUES (990, 41, 20061111, 1006, 200609, '第一学期', 4, 4);
INSERT INTO `sys_timetable` VALUES (991, 7, 20061111, 1036, 200608, '第一学期', 4, 6);
INSERT INTO `sys_timetable` VALUES (992, 4, 20061112, 1040, 200614, '第一学期', 4, 3);
INSERT INTO `sys_timetable` VALUES (993, 56, 20061112, 1078, 200603, '第一学期', 1, 4);
INSERT INTO `sys_timetable` VALUES (994, 17, 20061112, 1031, 200612, '第一学期', 6, 5);
INSERT INTO `sys_timetable` VALUES (995, 85, 20061112, 1080, 200609, '第一学期', 6, 6);
INSERT INTO `sys_timetable` VALUES (996, 21, 20061112, 1012, 200602, '第一学期', 2, 4);
INSERT INTO `sys_timetable` VALUES (997, 36, 20061112, 1003, 200611, '第一学期', 2, 7);
INSERT INTO `sys_timetable` VALUES (998, 24, 20061112, 1033, 200614, '第一学期', 5, 3);
INSERT INTO `sys_timetable` VALUES (999, 27, 20061112, 1065, 200608, '第一学期', 5, 6);
INSERT INTO `sys_timetable` VALUES (1000, 31, 20061112, 1082, 200611, '第一学期', 4, 5);
INSERT INTO `sys_timetable` VALUES (1001, 22, 20061112, 1021, 200614, '第一学期', 1, 7);
INSERT INTO `sys_timetable` VALUES (1002, 2, 20061112, 1082, 200607, '第一学期', 4, 5);
INSERT INTO `sys_timetable` VALUES (1003, 74, 20061112, 1058, 200613, '第一学期', 5, 2);
INSERT INTO `sys_timetable` VALUES (1004, 50, 20061113, 1071, 200606, '第一学期', 6, 4);
INSERT INTO `sys_timetable` VALUES (1005, 4, 20061113, 1013, 200613, '第一学期', 4, 7);
INSERT INTO `sys_timetable` VALUES (1006, 24, 20061113, 1020, 200607, '第一学期', 4, 4);
INSERT INTO `sys_timetable` VALUES (1007, 67, 20061113, 1083, 200602, '第一学期', 5, 4);
INSERT INTO `sys_timetable` VALUES (1008, 4, 20061113, 1004, 200613, '第一学期', 6, 4);
INSERT INTO `sys_timetable` VALUES (1009, 6, 20061113, 1047, 200612, '第一学期', 3, 4);
INSERT INTO `sys_timetable` VALUES (1010, 28, 20061113, 1067, 200610, '第一学期', 3, 1);
INSERT INTO `sys_timetable` VALUES (1011, 82, 20061113, 1049, 200601, '第一学期', 4, 4);
INSERT INTO `sys_timetable` VALUES (1012, 8, 20061113, 1046, 200601, '第一学期', 5, 4);
INSERT INTO `sys_timetable` VALUES (1013, 14, 20061113, 1022, 200601, '第一学期', 3, 3);
INSERT INTO `sys_timetable` VALUES (1014, 48, 20061113, 1049, 200607, '第一学期', 2, 7);
INSERT INTO `sys_timetable` VALUES (1015, 33, 20061113, 1036, 200602, '第一学期', 3, 3);
INSERT INTO `sys_timetable` VALUES (1016, 68, 20061114, 1072, 200607, '第一学期', 5, 2);
INSERT INTO `sys_timetable` VALUES (1017, 36, 20061114, 1054, 200608, '第一学期', 1, 1);
INSERT INTO `sys_timetable` VALUES (1018, 52, 20061114, 1067, 200607, '第一学期', 6, 1);
INSERT INTO `sys_timetable` VALUES (1019, 59, 20061114, 1003, 200603, '第一学期', 1, 7);
INSERT INTO `sys_timetable` VALUES (1020, 23, 20061114, 1013, 200614, '第一学期', 3, 2);
INSERT INTO `sys_timetable` VALUES (1021, 67, 20061114, 1053, 200605, '第一学期', 3, 2);
INSERT INTO `sys_timetable` VALUES (1022, 40, 20061114, 1007, 200602, '第一学期', 4, 7);
INSERT INTO `sys_timetable` VALUES (1023, 43, 20061114, 1048, 200604, '第一学期', 2, 5);
INSERT INTO `sys_timetable` VALUES (1024, 33, 20061114, 1054, 200602, '第一学期', 4, 4);
INSERT INTO `sys_timetable` VALUES (1025, 80, 20061114, 1049, 200610, '第一学期', 6, 3);
INSERT INTO `sys_timetable` VALUES (1026, 23, 20061114, 1042, 200614, '第一学期', 6, 3);
INSERT INTO `sys_timetable` VALUES (1027, 10, 20061114, 1057, 200603, '第一学期', 3, 6);
INSERT INTO `sys_timetable` VALUES (1028, 22, 20061115, 1014, 200607, '第一学期', 5, 6);
INSERT INTO `sys_timetable` VALUES (1029, 20, 20061115, 1071, 200605, '第一学期', 6, 3);
INSERT INTO `sys_timetable` VALUES (1030, 79, 20061115, 1040, 200609, '第一学期', 6, 6);
INSERT INTO `sys_timetable` VALUES (1031, 11, 20061115, 1034, 200607, '第一学期', 3, 7);
INSERT INTO `sys_timetable` VALUES (1032, 12, 20061115, 1050, 200609, '第一学期', 4, 7);
INSERT INTO `sys_timetable` VALUES (1033, 79, 20061115, 1048, 200611, '第一学期', 5, 3);
INSERT INTO `sys_timetable` VALUES (1034, 65, 20061115, 1002, 200603, '第一学期', 4, 5);
INSERT INTO `sys_timetable` VALUES (1035, 20, 20061115, 1007, 200606, '第一学期', 5, 4);
INSERT INTO `sys_timetable` VALUES (1036, 70, 20061115, 1006, 200608, '第一学期', 3, 4);
INSERT INTO `sys_timetable` VALUES (1037, 39, 20061115, 1049, 200603, '第一学期', 4, 1);
INSERT INTO `sys_timetable` VALUES (1038, 45, 20061115, 1008, 200604, '第一学期', 6, 4);
INSERT INTO `sys_timetable` VALUES (1039, 57, 20061115, 1058, 200614, '第一学期', 1, 6);
INSERT INTO `sys_timetable` VALUES (1040, 10, 20061116, 1061, 200607, '第一学期', 1, 2);
INSERT INTO `sys_timetable` VALUES (1041, 15, 20061116, 1009, 200605, '第一学期', 4, 5);
INSERT INTO `sys_timetable` VALUES (1042, 60, 20061116, 1076, 200603, '第一学期', 5, 2);
INSERT INTO `sys_timetable` VALUES (1043, 1, 20061116, 1056, 200606, '第一学期', 4, 6);
INSERT INTO `sys_timetable` VALUES (1044, 25, 20061116, 1044, 200614, '第一学期', 1, 2);
INSERT INTO `sys_timetable` VALUES (1045, 80, 20061116, 1081, 200604, '第一学期', 2, 5);
INSERT INTO `sys_timetable` VALUES (1046, 75, 20061116, 1026, 200613, '第一学期', 1, 5);
INSERT INTO `sys_timetable` VALUES (1047, 30, 20061116, 1081, 200610, '第一学期', 1, 4);
INSERT INTO `sys_timetable` VALUES (1048, 16, 20061116, 1004, 200607, '第一学期', 6, 6);
INSERT INTO `sys_timetable` VALUES (1049, 40, 20061116, 1080, 200604, '第一学期', 6, 7);
INSERT INTO `sys_timetable` VALUES (1050, 4, 20061116, 1028, 200607, '第一学期', 1, 6);
INSERT INTO `sys_timetable` VALUES (1051, 58, 20061116, 1064, 200611, '第一学期', 2, 7);
INSERT INTO `sys_timetable` VALUES (1052, 14, 20061117, 1014, 200602, '第一学期', 5, 2);
INSERT INTO `sys_timetable` VALUES (1053, 31, 20061117, 1017, 200608, '第一学期', 6, 5);
INSERT INTO `sys_timetable` VALUES (1054, 74, 20061117, 1009, 200613, '第一学期', 4, 5);
INSERT INTO `sys_timetable` VALUES (1055, 58, 20061117, 1025, 200611, '第一学期', 1, 3);
INSERT INTO `sys_timetable` VALUES (1056, 32, 20061117, 1019, 200612, '第一学期', 6, 7);
INSERT INTO `sys_timetable` VALUES (1057, 28, 20061117, 1048, 200610, '第一学期', 6, 1);
INSERT INTO `sys_timetable` VALUES (1058, 8, 20061117, 1003, 200607, '第一学期', 4, 4);
INSERT INTO `sys_timetable` VALUES (1059, 85, 20061117, 1073, 200614, '第一学期', 5, 4);
INSERT INTO `sys_timetable` VALUES (1060, 36, 20061117, 1024, 200607, '第一学期', 2, 2);
INSERT INTO `sys_timetable` VALUES (1061, 71, 20061117, 1077, 200605, '第一学期', 6, 2);
INSERT INTO `sys_timetable` VALUES (1062, 34, 20061117, 1027, 200603, '第一学期', 1, 5);
INSERT INTO `sys_timetable` VALUES (1063, 13, 20061117, 1044, 200610, '第一学期', 5, 4);
INSERT INTO `sys_timetable` VALUES (1064, 44, 20061118, 1026, 200614, '第一学期', 1, 7);
INSERT INTO `sys_timetable` VALUES (1065, 41, 20061118, 1024, 200613, '第一学期', 3, 5);
INSERT INTO `sys_timetable` VALUES (1066, 75, 20061118, 1051, 200609, '第一学期', 6, 7);
INSERT INTO `sys_timetable` VALUES (1067, 46, 20061118, 1078, 200614, '第一学期', 5, 7);
INSERT INTO `sys_timetable` VALUES (1068, 84, 20061118, 1025, 200601, '第一学期', 1, 3);
INSERT INTO `sys_timetable` VALUES (1069, 29, 20061118, 1018, 200608, '第一学期', 6, 3);
INSERT INTO `sys_timetable` VALUES (1070, 63, 20061118, 1084, 200613, '第一学期', 2, 3);
INSERT INTO `sys_timetable` VALUES (1071, 72, 20061118, 1049, 200612, '第一学期', 3, 3);
INSERT INTO `sys_timetable` VALUES (1072, 84, 20061118, 1014, 200614, '第一学期', 4, 1);
INSERT INTO `sys_timetable` VALUES (1073, 33, 20061118, 1039, 200613, '第一学期', 5, 2);
INSERT INTO `sys_timetable` VALUES (1074, 24, 20061118, 1001, 200606, '第一学期', 6, 2);
INSERT INTO `sys_timetable` VALUES (1075, 70, 20061118, 1071, 200612, '第一学期', 2, 5);
INSERT INTO `sys_timetable` VALUES (1076, 45, 20061119, 1032, 200614, '第一学期', 5, 5);
INSERT INTO `sys_timetable` VALUES (1077, 14, 20061119, 1040, 200612, '第一学期', 4, 5);
INSERT INTO `sys_timetable` VALUES (1078, 73, 20061119, 1041, 200607, '第一学期', 2, 2);
INSERT INTO `sys_timetable` VALUES (1079, 84, 20061119, 1056, 200612, '第一学期', 4, 6);
INSERT INTO `sys_timetable` VALUES (1080, 27, 20061119, 1055, 200614, '第一学期', 6, 4);
INSERT INTO `sys_timetable` VALUES (1081, 79, 20061119, 1022, 200613, '第一学期', 6, 7);
INSERT INTO `sys_timetable` VALUES (1082, 33, 20061119, 1028, 200612, '第一学期', 2, 1);
INSERT INTO `sys_timetable` VALUES (1083, 84, 20061119, 1050, 200607, '第一学期', 4, 5);
INSERT INTO `sys_timetable` VALUES (1084, 39, 20061119, 1024, 200606, '第一学期', 3, 1);
INSERT INTO `sys_timetable` VALUES (1085, 11, 20061119, 1027, 200603, '第一学期', 4, 5);
INSERT INTO `sys_timetable` VALUES (1086, 10, 20061119, 1028, 200603, '第一学期', 6, 4);
INSERT INTO `sys_timetable` VALUES (1087, 85, 20061119, 1069, 200612, '第一学期', 3, 7);
INSERT INTO `sys_timetable` VALUES (1088, 61, 20061120, 1039, 200604, '第一学期', 2, 6);
INSERT INTO `sys_timetable` VALUES (1089, 12, 20061120, 1054, 200603, '第一学期', 5, 3);
INSERT INTO `sys_timetable` VALUES (1090, 42, 20061120, 1047, 200603, '第一学期', 1, 1);
INSERT INTO `sys_timetable` VALUES (1091, 11, 20061120, 1008, 200611, '第一学期', 4, 1);
INSERT INTO `sys_timetable` VALUES (1092, 31, 20061120, 1019, 200609, '第一学期', 2, 4);
INSERT INTO `sys_timetable` VALUES (1093, 55, 20061120, 1083, 200613, '第一学期', 2, 5);
INSERT INTO `sys_timetable` VALUES (1094, 40, 20061120, 1022, 200613, '第一学期', 1, 5);
INSERT INTO `sys_timetable` VALUES (1095, 66, 20061120, 1026, 200607, '第一学期', 5, 3);
INSERT INTO `sys_timetable` VALUES (1096, 41, 20061120, 1039, 200613, '第一学期', 2, 5);
INSERT INTO `sys_timetable` VALUES (1097, 78, 20061120, 1019, 200613, '第一学期', 1, 4);
INSERT INTO `sys_timetable` VALUES (1098, 27, 20061120, 1049, 200601, '第一学期', 4, 1);
INSERT INTO `sys_timetable` VALUES (1099, 15, 20061120, 1066, 200607, '第一学期', 6, 4);
INSERT INTO `sys_timetable` VALUES (1100, 44, 20061101, 1048, 200606, '第一学期', 4, 3);
INSERT INTO `sys_timetable` VALUES (1101, 80, 20061101, 1075, 200607, '第一学期', 2, 7);
INSERT INTO `sys_timetable` VALUES (1102, 5, 20061101, 1080, 200605, '第一学期', 1, 3);
INSERT INTO `sys_timetable` VALUES (1103, 10, 20061101, 1047, 200607, '第一学期', 2, 3);
INSERT INTO `sys_timetable` VALUES (1104, 16, 20061101, 1055, 200610, '第一学期', 4, 2);
INSERT INTO `sys_timetable` VALUES (1105, 74, 20061101, 1065, 200611, '第一学期', 5, 6);
INSERT INTO `sys_timetable` VALUES (1106, 61, 20061101, 1013, 200605, '第一学期', 1, 2);
INSERT INTO `sys_timetable` VALUES (1107, 46, 20061101, 1013, 200604, '第一学期', 2, 7);
INSERT INTO `sys_timetable` VALUES (1108, 38, 20061101, 1072, 200609, '第一学期', 4, 1);
INSERT INTO `sys_timetable` VALUES (1109, 63, 20061101, 1019, 200608, '第一学期', 6, 3);
INSERT INTO `sys_timetable` VALUES (1110, 76, 20061101, 1053, 200601, '第一学期', 4, 1);
INSERT INTO `sys_timetable` VALUES (1111, 2, 20061101, 1038, 200603, '第一学期', 1, 2);
INSERT INTO `sys_timetable` VALUES (1112, 27, 20061102, 1038, 200612, '第一学期', 1, 7);
INSERT INTO `sys_timetable` VALUES (1113, 61, 20061102, 1007, 200605, '第一学期', 2, 5);
INSERT INTO `sys_timetable` VALUES (1114, 26, 20061102, 1082, 200606, '第一学期', 5, 2);
INSERT INTO `sys_timetable` VALUES (1115, 6, 20061102, 1085, 200602, '第一学期', 4, 7);
INSERT INTO `sys_timetable` VALUES (1116, 59, 20061102, 1077, 200611, '第一学期', 1, 1);
INSERT INTO `sys_timetable` VALUES (1117, 35, 20061102, 1024, 200602, '第一学期', 1, 1);
INSERT INTO `sys_timetable` VALUES (1118, 44, 20061102, 1046, 200614, '第一学期', 2, 5);
INSERT INTO `sys_timetable` VALUES (1119, 4, 20061102, 1032, 200612, '第一学期', 3, 6);
INSERT INTO `sys_timetable` VALUES (1120, 27, 20061102, 1035, 200614, '第一学期', 1, 1);
INSERT INTO `sys_timetable` VALUES (1121, 75, 20061102, 1008, 200602, '第一学期', 2, 7);
INSERT INTO `sys_timetable` VALUES (1122, 4, 20061102, 1068, 200610, '第一学期', 6, 7);
INSERT INTO `sys_timetable` VALUES (1123, 11, 20061102, 1079, 200612, '第一学期', 4, 7);
INSERT INTO `sys_timetable` VALUES (1124, 26, 20061103, 1068, 200603, '第一学期', 1, 7);
INSERT INTO `sys_timetable` VALUES (1125, 21, 20061103, 1028, 200613, '第一学期', 2, 7);
INSERT INTO `sys_timetable` VALUES (1126, 5, 20061103, 1083, 200604, '第一学期', 4, 3);
INSERT INTO `sys_timetable` VALUES (1127, 32, 20061103, 1017, 200603, '第一学期', 2, 2);
INSERT INTO `sys_timetable` VALUES (1128, 65, 20061103, 1045, 200611, '第一学期', 1, 4);
INSERT INTO `sys_timetable` VALUES (1129, 81, 20061103, 1013, 200602, '第一学期', 6, 5);
INSERT INTO `sys_timetable` VALUES (1130, 49, 20061103, 1052, 200607, '第一学期', 1, 6);
INSERT INTO `sys_timetable` VALUES (1131, 15, 20061103, 1062, 200608, '第一学期', 6, 7);
INSERT INTO `sys_timetable` VALUES (1132, 32, 20061103, 1008, 200606, '第一学期', 4, 2);
INSERT INTO `sys_timetable` VALUES (1133, 12, 20061103, 1081, 200610, '第一学期', 4, 5);
INSERT INTO `sys_timetable` VALUES (1134, 14, 20061103, 1083, 200613, '第一学期', 1, 7);
INSERT INTO `sys_timetable` VALUES (1135, 70, 20061103, 1013, 200602, '第一学期', 6, 2);
INSERT INTO `sys_timetable` VALUES (1136, 48, 20061104, 1007, 200608, '第一学期', 4, 4);
INSERT INTO `sys_timetable` VALUES (1137, 51, 20061104, 1055, 200609, '第一学期', 2, 7);
INSERT INTO `sys_timetable` VALUES (1138, 58, 20061104, 1068, 200608, '第一学期', 2, 5);
INSERT INTO `sys_timetable` VALUES (1139, 10, 20061104, 1022, 200603, '第一学期', 1, 6);
INSERT INTO `sys_timetable` VALUES (1140, 50, 20061104, 1044, 200611, '第一学期', 3, 4);
INSERT INTO `sys_timetable` VALUES (1141, 56, 20061104, 1066, 200611, '第一学期', 2, 2);
INSERT INTO `sys_timetable` VALUES (1142, 4, 20061104, 1072, 200601, '第一学期', 3, 6);
INSERT INTO `sys_timetable` VALUES (1143, 53, 20061104, 1068, 200606, '第一学期', 4, 7);
INSERT INTO `sys_timetable` VALUES (1144, 58, 20061104, 1074, 200602, '第一学期', 1, 7);
INSERT INTO `sys_timetable` VALUES (1145, 31, 20061104, 1047, 200602, '第一学期', 2, 2);
INSERT INTO `sys_timetable` VALUES (1146, 70, 20061104, 1019, 200605, '第一学期', 5, 4);
INSERT INTO `sys_timetable` VALUES (1147, 10, 20061104, 1052, 200604, '第一学期', 4, 5);
INSERT INTO `sys_timetable` VALUES (1148, 75, 20061105, 1017, 200605, '第一学期', 2, 5);
INSERT INTO `sys_timetable` VALUES (1149, 27, 20061105, 1080, 200608, '第一学期', 5, 7);
INSERT INTO `sys_timetable` VALUES (1150, 77, 20061105, 1012, 200612, '第一学期', 5, 6);
INSERT INTO `sys_timetable` VALUES (1151, 60, 20061105, 1005, 200608, '第一学期', 3, 6);
INSERT INTO `sys_timetable` VALUES (1152, 44, 20061105, 1081, 200602, '第一学期', 4, 7);
INSERT INTO `sys_timetable` VALUES (1153, 65, 20061105, 1041, 200614, '第一学期', 4, 6);
INSERT INTO `sys_timetable` VALUES (1154, 15, 20061105, 1022, 200610, '第一学期', 2, 7);
INSERT INTO `sys_timetable` VALUES (1155, 8, 20061105, 1051, 200601, '第一学期', 1, 6);
INSERT INTO `sys_timetable` VALUES (1156, 76, 20061105, 1067, 200601, '第一学期', 6, 3);
INSERT INTO `sys_timetable` VALUES (1157, 71, 20061105, 1065, 200602, '第一学期', 1, 1);
INSERT INTO `sys_timetable` VALUES (1158, 63, 20061105, 1003, 200612, '第一学期', 5, 6);
INSERT INTO `sys_timetable` VALUES (1159, 22, 20061105, 1060, 200609, '第一学期', 2, 1);
INSERT INTO `sys_timetable` VALUES (1160, 76, 20061106, 1035, 200601, '第一学期', 6, 4);
INSERT INTO `sys_timetable` VALUES (1161, 9, 20061106, 1066, 200610, '第一学期', 4, 4);
INSERT INTO `sys_timetable` VALUES (1162, 11, 20061106, 1075, 200605, '第一学期', 4, 4);
INSERT INTO `sys_timetable` VALUES (1163, 78, 20061106, 1066, 200613, '第一学期', 3, 1);
INSERT INTO `sys_timetable` VALUES (1164, 62, 20061106, 1060, 200612, '第一学期', 1, 3);
INSERT INTO `sys_timetable` VALUES (1165, 39, 20061106, 1015, 200606, '第一学期', 5, 6);
INSERT INTO `sys_timetable` VALUES (1166, 61, 20061106, 1083, 200612, '第一学期', 3, 2);
INSERT INTO `sys_timetable` VALUES (1167, 84, 20061106, 1015, 200611, '第一学期', 3, 3);
INSERT INTO `sys_timetable` VALUES (1168, 35, 20061106, 1074, 200604, '第一学期', 6, 3);
INSERT INTO `sys_timetable` VALUES (1169, 55, 20061106, 1062, 200613, '第一学期', 5, 6);
INSERT INTO `sys_timetable` VALUES (1170, 4, 20061106, 1026, 200605, '第一学期', 6, 3);
INSERT INTO `sys_timetable` VALUES (1171, 46, 20061106, 1073, 200608, '第一学期', 2, 1);
INSERT INTO `sys_timetable` VALUES (1172, 33, 20061107, 1055, 200609, '第一学期', 5, 7);
INSERT INTO `sys_timetable` VALUES (1173, 22, 20061107, 1039, 200604, '第一学期', 5, 4);
INSERT INTO `sys_timetable` VALUES (1174, 20, 20061107, 1053, 200608, '第一学期', 2, 6);
INSERT INTO `sys_timetable` VALUES (1175, 67, 20061107, 1065, 200605, '第一学期', 6, 2);
INSERT INTO `sys_timetable` VALUES (1176, 81, 20061107, 1059, 200610, '第一学期', 6, 4);
INSERT INTO `sys_timetable` VALUES (1177, 69, 20061107, 1031, 200602, '第一学期', 1, 2);
INSERT INTO `sys_timetable` VALUES (1178, 38, 20061107, 1062, 200614, '第一学期', 3, 7);
INSERT INTO `sys_timetable` VALUES (1179, 62, 20061107, 1014, 200610, '第一学期', 6, 1);
INSERT INTO `sys_timetable` VALUES (1180, 57, 20061107, 1032, 200604, '第一学期', 1, 3);
INSERT INTO `sys_timetable` VALUES (1181, 19, 20061107, 1057, 200614, '第一学期', 3, 2);
INSERT INTO `sys_timetable` VALUES (1182, 21, 20061107, 1076, 200609, '第一学期', 4, 7);
INSERT INTO `sys_timetable` VALUES (1183, 39, 20061107, 1015, 200609, '第一学期', 3, 3);
INSERT INTO `sys_timetable` VALUES (1184, 35, 20061108, 1075, 200609, '第一学期', 5, 7);
INSERT INTO `sys_timetable` VALUES (1185, 39, 20061108, 1070, 200603, '第一学期', 5, 5);
INSERT INTO `sys_timetable` VALUES (1186, 20, 20061108, 1032, 200607, '第一学期', 4, 5);
INSERT INTO `sys_timetable` VALUES (1187, 48, 20061108, 1025, 200606, '第一学期', 5, 5);
INSERT INTO `sys_timetable` VALUES (1188, 74, 20061108, 1061, 200607, '第一学期', 5, 3);
INSERT INTO `sys_timetable` VALUES (1189, 3, 20061108, 1035, 200604, '第一学期', 5, 1);
INSERT INTO `sys_timetable` VALUES (1190, 37, 20061108, 1064, 200613, '第一学期', 4, 6);
INSERT INTO `sys_timetable` VALUES (1191, 71, 20061108, 1052, 200610, '第一学期', 3, 4);
INSERT INTO `sys_timetable` VALUES (1192, 30, 20061108, 1001, 200610, '第一学期', 5, 2);
INSERT INTO `sys_timetable` VALUES (1193, 65, 20061108, 1048, 200609, '第一学期', 2, 6);
INSERT INTO `sys_timetable` VALUES (1194, 52, 20061108, 1019, 200603, '第一学期', 4, 3);
INSERT INTO `sys_timetable` VALUES (1195, 24, 20061108, 1073, 200606, '第一学期', 1, 4);
INSERT INTO `sys_timetable` VALUES (1196, 38, 20061109, 1037, 200605, '第一学期', 2, 6);
INSERT INTO `sys_timetable` VALUES (1197, 58, 20061109, 1024, 200614, '第一学期', 5, 5);
INSERT INTO `sys_timetable` VALUES (1198, 9, 20061109, 1006, 200611, '第一学期', 3, 6);
INSERT INTO `sys_timetable` VALUES (1199, 29, 20061109, 1008, 200607, '第一学期', 2, 6);
INSERT INTO `sys_timetable` VALUES (1200, 14, 20061109, 1004, 200602, '第一学期', 6, 4);
INSERT INTO `sys_timetable` VALUES (1201, 25, 20061109, 1078, 200607, '第一学期', 4, 3);
INSERT INTO `sys_timetable` VALUES (1202, 21, 20061109, 1079, 200612, '第一学期', 3, 5);
INSERT INTO `sys_timetable` VALUES (1203, 54, 20061109, 1062, 200613, '第一学期', 5, 1);
INSERT INTO `sys_timetable` VALUES (1204, 73, 20061109, 1008, 200602, '第一学期', 1, 1);
INSERT INTO `sys_timetable` VALUES (1205, 76, 20061109, 1016, 200607, '第一学期', 2, 2);
INSERT INTO `sys_timetable` VALUES (1206, 49, 20061109, 1027, 200612, '第一学期', 1, 1);
INSERT INTO `sys_timetable` VALUES (1207, 63, 20061109, 1025, 200609, '第一学期', 6, 2);
INSERT INTO `sys_timetable` VALUES (1208, 43, 20061110, 1009, 200603, '第一学期', 4, 5);
INSERT INTO `sys_timetable` VALUES (1209, 26, 20061110, 1024, 200606, '第一学期', 4, 5);
INSERT INTO `sys_timetable` VALUES (1210, 27, 20061110, 1064, 200605, '第一学期', 4, 4);
INSERT INTO `sys_timetable` VALUES (1211, 56, 20061110, 1018, 200606, '第一学期', 1, 5);
INSERT INTO `sys_timetable` VALUES (1212, 1, 20061110, 1008, 200604, '第一学期', 4, 4);
INSERT INTO `sys_timetable` VALUES (1213, 10, 20061110, 1017, 200612, '第一学期', 6, 1);
INSERT INTO `sys_timetable` VALUES (1214, 40, 20061110, 1002, 200604, '第一学期', 2, 5);
INSERT INTO `sys_timetable` VALUES (1215, 5, 20061110, 1059, 200606, '第一学期', 2, 3);
INSERT INTO `sys_timetable` VALUES (1216, 55, 20061110, 1047, 200609, '第一学期', 2, 6);
INSERT INTO `sys_timetable` VALUES (1217, 24, 20061110, 1076, 200603, '第一学期', 6, 6);
INSERT INTO `sys_timetable` VALUES (1218, 77, 20061110, 1057, 200608, '第一学期', 2, 2);
INSERT INTO `sys_timetable` VALUES (1219, 18, 20061110, 1011, 200610, '第一学期', 5, 7);
INSERT INTO `sys_timetable` VALUES (1220, 19, 20061111, 1056, 200603, '第二学期', 1, 5);
INSERT INTO `sys_timetable` VALUES (1221, 39, 20061111, 1071, 200603, '第二学期', 1, 2);
INSERT INTO `sys_timetable` VALUES (1222, 11, 20061111, 1052, 200614, '第二学期', 2, 3);
INSERT INTO `sys_timetable` VALUES (1223, 40, 20061111, 1045, 200614, '第二学期', 1, 6);
INSERT INTO `sys_timetable` VALUES (1224, 3, 20061111, 1004, 200610, '第二学期', 2, 6);
INSERT INTO `sys_timetable` VALUES (1225, 84, 20061111, 1069, 200614, '第二学期', 5, 4);
INSERT INTO `sys_timetable` VALUES (1226, 48, 20061111, 1017, 200607, '第二学期', 5, 1);
INSERT INTO `sys_timetable` VALUES (1227, 72, 20061111, 1045, 200608, '第二学期', 2, 6);
INSERT INTO `sys_timetable` VALUES (1228, 31, 20061111, 1049, 200606, '第二学期', 3, 4);
INSERT INTO `sys_timetable` VALUES (1229, 81, 20061111, 1027, 200610, '第二学期', 5, 3);
INSERT INTO `sys_timetable` VALUES (1230, 46, 20061111, 1074, 200613, '第二学期', 3, 4);
INSERT INTO `sys_timetable` VALUES (1231, 37, 20061111, 1081, 200605, '第二学期', 3, 3);
INSERT INTO `sys_timetable` VALUES (1232, 56, 20061112, 1044, 200604, '第二学期', 6, 5);
INSERT INTO `sys_timetable` VALUES (1233, 69, 20061112, 1023, 200607, '第二学期', 1, 2);
INSERT INTO `sys_timetable` VALUES (1234, 34, 20061112, 1025, 200613, '第二学期', 2, 5);
INSERT INTO `sys_timetable` VALUES (1235, 49, 20061112, 1008, 200602, '第二学期', 2, 5);
INSERT INTO `sys_timetable` VALUES (1236, 32, 20061112, 1041, 200610, '第二学期', 4, 7);
INSERT INTO `sys_timetable` VALUES (1237, 50, 20061112, 1061, 200607, '第二学期', 5, 3);
INSERT INTO `sys_timetable` VALUES (1238, 20, 20061112, 1061, 200606, '第二学期', 1, 3);
INSERT INTO `sys_timetable` VALUES (1239, 68, 20061112, 1061, 200604, '第二学期', 6, 7);
INSERT INTO `sys_timetable` VALUES (1240, 73, 20061112, 1049, 200603, '第二学期', 3, 5);
INSERT INTO `sys_timetable` VALUES (1241, 68, 20061112, 1028, 200611, '第二学期', 3, 4);
INSERT INTO `sys_timetable` VALUES (1242, 34, 20061112, 1075, 200604, '第二学期', 1, 5);
INSERT INTO `sys_timetable` VALUES (1243, 71, 20061112, 1040, 200605, '第二学期', 5, 3);
INSERT INTO `sys_timetable` VALUES (1244, 79, 20061113, 1058, 200608, '第二学期', 1, 6);
INSERT INTO `sys_timetable` VALUES (1245, 28, 20061113, 1083, 200611, '第二学期', 2, 7);
INSERT INTO `sys_timetable` VALUES (1246, 42, 20061113, 1074, 200613, '第二学期', 3, 6);
INSERT INTO `sys_timetable` VALUES (1247, 40, 20061113, 1075, 200613, '第二学期', 4, 4);
INSERT INTO `sys_timetable` VALUES (1248, 62, 20061113, 1042, 200613, '第二学期', 5, 7);
INSERT INTO `sys_timetable` VALUES (1249, 57, 20061113, 1025, 200608, '第二学期', 3, 6);
INSERT INTO `sys_timetable` VALUES (1250, 68, 20061113, 1003, 200613, '第二学期', 6, 5);
INSERT INTO `sys_timetable` VALUES (1251, 17, 20061113, 1062, 200611, '第二学期', 5, 6);
INSERT INTO `sys_timetable` VALUES (1252, 24, 20061113, 1043, 200614, '第二学期', 5, 5);
INSERT INTO `sys_timetable` VALUES (1253, 32, 20061113, 1082, 200606, '第二学期', 1, 6);
INSERT INTO `sys_timetable` VALUES (1254, 49, 20061113, 1043, 200611, '第二学期', 6, 5);
INSERT INTO `sys_timetable` VALUES (1255, 68, 20061113, 1049, 200610, '第二学期', 6, 4);
INSERT INTO `sys_timetable` VALUES (1256, 37, 20061114, 1031, 200614, '第二学期', 1, 1);
INSERT INTO `sys_timetable` VALUES (1257, 50, 20061114, 1057, 200611, '第二学期', 1, 1);
INSERT INTO `sys_timetable` VALUES (1258, 44, 20061114, 1085, 200602, '第二学期', 5, 3);
INSERT INTO `sys_timetable` VALUES (1259, 83, 20061114, 1070, 200605, '第二学期', 3, 7);
INSERT INTO `sys_timetable` VALUES (1260, 74, 20061114, 1044, 200605, '第二学期', 6, 4);
INSERT INTO `sys_timetable` VALUES (1261, 40, 20061114, 1021, 200610, '第二学期', 4, 7);
INSERT INTO `sys_timetable` VALUES (1262, 22, 20061114, 1011, 200602, '第二学期', 4, 2);
INSERT INTO `sys_timetable` VALUES (1263, 18, 20061114, 1014, 200613, '第二学期', 4, 1);
INSERT INTO `sys_timetable` VALUES (1264, 43, 20061114, 1007, 200604, '第二学期', 1, 5);
INSERT INTO `sys_timetable` VALUES (1265, 83, 20061114, 1028, 200613, '第二学期', 2, 1);
INSERT INTO `sys_timetable` VALUES (1266, 71, 20061114, 1083, 200603, '第二学期', 2, 7);
INSERT INTO `sys_timetable` VALUES (1267, 36, 20061114, 1033, 200609, '第二学期', 6, 5);
INSERT INTO `sys_timetable` VALUES (1268, 28, 20061115, 1071, 200608, '第二学期', 2, 5);
INSERT INTO `sys_timetable` VALUES (1269, 29, 20061115, 1047, 200607, '第二学期', 3, 3);
INSERT INTO `sys_timetable` VALUES (1270, 55, 20061115, 1047, 200614, '第二学期', 4, 2);
INSERT INTO `sys_timetable` VALUES (1271, 16, 20061115, 1023, 200601, '第二学期', 3, 7);
INSERT INTO `sys_timetable` VALUES (1272, 82, 20061115, 1011, 200608, '第二学期', 6, 3);
INSERT INTO `sys_timetable` VALUES (1273, 74, 20061115, 1084, 200612, '第二学期', 4, 3);
INSERT INTO `sys_timetable` VALUES (1274, 77, 20061115, 1047, 200604, '第二学期', 6, 6);
INSERT INTO `sys_timetable` VALUES (1275, 42, 20061115, 1049, 200608, '第二学期', 1, 5);
INSERT INTO `sys_timetable` VALUES (1276, 30, 20061115, 1042, 200605, '第二学期', 6, 5);
INSERT INTO `sys_timetable` VALUES (1277, 42, 20061115, 1075, 200606, '第二学期', 1, 4);
INSERT INTO `sys_timetable` VALUES (1278, 47, 20061115, 1082, 200610, '第二学期', 1, 6);
INSERT INTO `sys_timetable` VALUES (1279, 66, 20061115, 1049, 200607, '第二学期', 1, 1);
INSERT INTO `sys_timetable` VALUES (1280, 56, 20061116, 1068, 200614, '第二学期', 6, 4);
INSERT INTO `sys_timetable` VALUES (1281, 67, 20061116, 1033, 200602, '第二学期', 4, 5);
INSERT INTO `sys_timetable` VALUES (1282, 19, 20061116, 1073, 200611, '第二学期', 4, 1);
INSERT INTO `sys_timetable` VALUES (1283, 41, 20061116, 1012, 200606, '第二学期', 3, 4);
INSERT INTO `sys_timetable` VALUES (1284, 21, 20061116, 1012, 200606, '第二学期', 6, 4);
INSERT INTO `sys_timetable` VALUES (1285, 71, 20061116, 1002, 200608, '第二学期', 6, 6);
INSERT INTO `sys_timetable` VALUES (1286, 50, 20061116, 1043, 200614, '第二学期', 1, 6);
INSERT INTO `sys_timetable` VALUES (1287, 26, 20061116, 1051, 200605, '第二学期', 3, 5);
INSERT INTO `sys_timetable` VALUES (1288, 84, 20061116, 1012, 200610, '第二学期', 5, 2);
INSERT INTO `sys_timetable` VALUES (1289, 7, 20061116, 1028, 200605, '第二学期', 1, 6);
INSERT INTO `sys_timetable` VALUES (1290, 57, 20061116, 1019, 200613, '第二学期', 5, 7);
INSERT INTO `sys_timetable` VALUES (1291, 47, 20061116, 1077, 200604, '第二学期', 6, 1);
INSERT INTO `sys_timetable` VALUES (1292, 54, 20061117, 1019, 200612, '第二学期', 4, 6);
INSERT INTO `sys_timetable` VALUES (1293, 63, 20061117, 1036, 200607, '第二学期', 4, 5);
INSERT INTO `sys_timetable` VALUES (1294, 13, 20061117, 1066, 200609, '第二学期', 3, 2);
INSERT INTO `sys_timetable` VALUES (1295, 85, 20061117, 1010, 200608, '第二学期', 1, 4);
INSERT INTO `sys_timetable` VALUES (1296, 73, 20061117, 1052, 200607, '第二学期', 6, 2);
INSERT INTO `sys_timetable` VALUES (1297, 10, 20061117, 1044, 200611, '第二学期', 2, 7);
INSERT INTO `sys_timetable` VALUES (1298, 82, 20061117, 1015, 200613, '第二学期', 4, 4);
INSERT INTO `sys_timetable` VALUES (1299, 60, 20061117, 1083, 200607, '第二学期', 2, 2);
INSERT INTO `sys_timetable` VALUES (1300, 14, 20061117, 1047, 200603, '第二学期', 4, 3);
INSERT INTO `sys_timetable` VALUES (1301, 28, 20061117, 1085, 200603, '第二学期', 1, 3);
INSERT INTO `sys_timetable` VALUES (1302, 8, 20061117, 1028, 200612, '第二学期', 1, 2);
INSERT INTO `sys_timetable` VALUES (1303, 22, 20061117, 1071, 200604, '第二学期', 6, 5);
INSERT INTO `sys_timetable` VALUES (1304, 44, 20061118, 1071, 200609, '第二学期', 6, 4);
INSERT INTO `sys_timetable` VALUES (1305, 17, 20061118, 1035, 200604, '第二学期', 3, 4);
INSERT INTO `sys_timetable` VALUES (1306, 31, 20061118, 1053, 200606, '第二学期', 2, 7);
INSERT INTO `sys_timetable` VALUES (1307, 51, 20061118, 1050, 200606, '第二学期', 5, 3);
INSERT INTO `sys_timetable` VALUES (1308, 8, 20061118, 1013, 200607, '第二学期', 5, 4);
INSERT INTO `sys_timetable` VALUES (1309, 80, 20061118, 1056, 200605, '第二学期', 5, 4);
INSERT INTO `sys_timetable` VALUES (1310, 58, 20061118, 1044, 200606, '第二学期', 3, 7);
INSERT INTO `sys_timetable` VALUES (1311, 33, 20061118, 1079, 200614, '第二学期', 3, 2);
INSERT INTO `sys_timetable` VALUES (1312, 1, 20061118, 1050, 200613, '第二学期', 4, 6);
INSERT INTO `sys_timetable` VALUES (1313, 80, 20061118, 1053, 200604, '第二学期', 6, 1);
INSERT INTO `sys_timetable` VALUES (1314, 51, 20061118, 1040, 200605, '第二学期', 4, 5);
INSERT INTO `sys_timetable` VALUES (1315, 44, 20061118, 1022, 200603, '第二学期', 3, 2);
INSERT INTO `sys_timetable` VALUES (1316, 53, 20061119, 1004, 200605, '第二学期', 2, 7);
INSERT INTO `sys_timetable` VALUES (1317, 68, 20061119, 1013, 200607, '第二学期', 1, 7);
INSERT INTO `sys_timetable` VALUES (1318, 32, 20061119, 1023, 200613, '第二学期', 5, 6);
INSERT INTO `sys_timetable` VALUES (1319, 36, 20061119, 1050, 200612, '第二学期', 6, 7);
INSERT INTO `sys_timetable` VALUES (1320, 2, 20061119, 1071, 200605, '第二学期', 2, 3);
INSERT INTO `sys_timetable` VALUES (1321, 43, 20061119, 1037, 200614, '第二学期', 6, 4);
INSERT INTO `sys_timetable` VALUES (1322, 9, 20061119, 1065, 200609, '第二学期', 3, 4);
INSERT INTO `sys_timetable` VALUES (1323, 70, 20061119, 1005, 200609, '第二学期', 2, 2);
INSERT INTO `sys_timetable` VALUES (1324, 36, 20061119, 1081, 200613, '第二学期', 3, 3);
INSERT INTO `sys_timetable` VALUES (1325, 6, 20061119, 1025, 200608, '第二学期', 3, 5);
INSERT INTO `sys_timetable` VALUES (1326, 62, 20061119, 1033, 200602, '第二学期', 4, 2);
INSERT INTO `sys_timetable` VALUES (1327, 59, 20061119, 1024, 200608, '第二学期', 2, 1);
INSERT INTO `sys_timetable` VALUES (1328, 11, 20061120, 1072, 200613, '第二学期', 1, 5);
INSERT INTO `sys_timetable` VALUES (1329, 65, 20061120, 1078, 200612, '第二学期', 1, 6);
INSERT INTO `sys_timetable` VALUES (1330, 63, 20061120, 1026, 200609, '第二学期', 4, 5);
INSERT INTO `sys_timetable` VALUES (1331, 80, 20061120, 1008, 200612, '第二学期', 1, 2);
INSERT INTO `sys_timetable` VALUES (1332, 74, 20061120, 1037, 200614, '第二学期', 3, 5);
INSERT INTO `sys_timetable` VALUES (1333, 59, 20061120, 1001, 200608, '第二学期', 6, 2);
INSERT INTO `sys_timetable` VALUES (1334, 70, 20061120, 1065, 200606, '第二学期', 6, 7);
INSERT INTO `sys_timetable` VALUES (1335, 78, 20061120, 1026, 200606, '第二学期', 6, 3);
INSERT INTO `sys_timetable` VALUES (1336, 11, 20061120, 1066, 200609, '第二学期', 2, 5);
INSERT INTO `sys_timetable` VALUES (1337, 8, 20061120, 1019, 200612, '第二学期', 2, 1);
INSERT INTO `sys_timetable` VALUES (1338, 60, 20061120, 1018, 200602, '第二学期', 4, 4);
INSERT INTO `sys_timetable` VALUES (1339, 16, 20061120, 1063, 200603, '第二学期', 1, 7);
INSERT INTO `sys_timetable` VALUES (1340, 23, 20061101, 1028, 200613, '第二学期', 5, 1);
INSERT INTO `sys_timetable` VALUES (1341, 22, 20061101, 1017, 200604, '第二学期', 1, 1);
INSERT INTO `sys_timetable` VALUES (1342, 68, 20061101, 1038, 200613, '第二学期', 5, 1);
INSERT INTO `sys_timetable` VALUES (1343, 63, 20061101, 1018, 200604, '第二学期', 1, 2);
INSERT INTO `sys_timetable` VALUES (1344, 48, 20061101, 1085, 200607, '第二学期', 5, 2);
INSERT INTO `sys_timetable` VALUES (1345, 57, 20061101, 1072, 200609, '第二学期', 4, 1);
INSERT INTO `sys_timetable` VALUES (1346, 65, 20061101, 1021, 200613, '第二学期', 3, 1);
INSERT INTO `sys_timetable` VALUES (1347, 15, 20061101, 1054, 200608, '第二学期', 4, 1);
INSERT INTO `sys_timetable` VALUES (1348, 1, 20061101, 1081, 200601, '第二学期', 4, 2);
INSERT INTO `sys_timetable` VALUES (1349, 39, 20061101, 1016, 200611, '第二学期', 4, 2);
INSERT INTO `sys_timetable` VALUES (1350, 60, 20061101, 1048, 200608, '第二学期', 1, 1);
INSERT INTO `sys_timetable` VALUES (1351, 56, 20061101, 1082, 200605, '第二学期', 5, 1);
INSERT INTO `sys_timetable` VALUES (1352, 10, 20061102, 1034, 200610, '第二学期', 5, 3);
INSERT INTO `sys_timetable` VALUES (1353, 26, 20061102, 1065, 200602, '第二学期', 6, 7);
INSERT INTO `sys_timetable` VALUES (1354, 19, 20061102, 1005, 200610, '第二学期', 3, 7);
INSERT INTO `sys_timetable` VALUES (1355, 49, 20061102, 1072, 200613, '第二学期', 2, 1);
INSERT INTO `sys_timetable` VALUES (1356, 23, 20061102, 1020, 200604, '第二学期', 4, 7);
INSERT INTO `sys_timetable` VALUES (1357, 35, 20061102, 1042, 200611, '第二学期', 5, 1);
INSERT INTO `sys_timetable` VALUES (1358, 66, 20061102, 1059, 200612, '第二学期', 5, 7);
INSERT INTO `sys_timetable` VALUES (1359, 57, 20061102, 1041, 200607, '第二学期', 3, 6);
INSERT INTO `sys_timetable` VALUES (1360, 69, 20061102, 1035, 200601, '第二学期', 3, 1);
INSERT INTO `sys_timetable` VALUES (1361, 13, 20061102, 1034, 200604, '第二学期', 2, 5);
INSERT INTO `sys_timetable` VALUES (1362, 69, 20061102, 1010, 200609, '第二学期', 1, 5);
INSERT INTO `sys_timetable` VALUES (1363, 13, 20061102, 1058, 200601, '第二学期', 6, 1);
INSERT INTO `sys_timetable` VALUES (1364, 68, 20061103, 1041, 200607, '第二学期', 2, 3);
INSERT INTO `sys_timetable` VALUES (1365, 66, 20061103, 1070, 200609, '第二学期', 1, 1);
INSERT INTO `sys_timetable` VALUES (1366, 41, 20061103, 1054, 200609, '第二学期', 6, 1);
INSERT INTO `sys_timetable` VALUES (1367, 53, 20061103, 1009, 200612, '第二学期', 2, 4);
INSERT INTO `sys_timetable` VALUES (1368, 67, 20061103, 1016, 200611, '第二学期', 3, 4);
INSERT INTO `sys_timetable` VALUES (1369, 33, 20061103, 1049, 200613, '第二学期', 4, 3);
INSERT INTO `sys_timetable` VALUES (1370, 10, 20061103, 1072, 200605, '第二学期', 6, 5);
INSERT INTO `sys_timetable` VALUES (1371, 11, 20061103, 1050, 200603, '第二学期', 3, 4);
INSERT INTO `sys_timetable` VALUES (1372, 28, 20061103, 1051, 200607, '第二学期', 5, 4);
INSERT INTO `sys_timetable` VALUES (1373, 47, 20061103, 1005, 200603, '第二学期', 1, 6);
INSERT INTO `sys_timetable` VALUES (1374, 67, 20061103, 1029, 200606, '第二学期', 5, 4);
INSERT INTO `sys_timetable` VALUES (1375, 60, 20061103, 1068, 200609, '第二学期', 3, 6);
INSERT INTO `sys_timetable` VALUES (1376, 37, 20061104, 1077, 200611, '第二学期', 4, 6);
INSERT INTO `sys_timetable` VALUES (1377, 39, 20061104, 1074, 200606, '第二学期', 5, 7);
INSERT INTO `sys_timetable` VALUES (1378, 37, 20061104, 1071, 200610, '第二学期', 4, 2);
INSERT INTO `sys_timetable` VALUES (1379, 1, 20061104, 1028, 200612, '第二学期', 6, 6);
INSERT INTO `sys_timetable` VALUES (1380, 1, 20061104, 1043, 200613, '第二学期', 2, 1);
INSERT INTO `sys_timetable` VALUES (1381, 49, 20061104, 1035, 200604, '第二学期', 6, 3);
INSERT INTO `sys_timetable` VALUES (1382, 53, 20061104, 1048, 200605, '第二学期', 3, 2);
INSERT INTO `sys_timetable` VALUES (1383, 31, 20061104, 1075, 200606, '第二学期', 6, 7);
INSERT INTO `sys_timetable` VALUES (1384, 36, 20061104, 1034, 200610, '第二学期', 5, 2);
INSERT INTO `sys_timetable` VALUES (1385, 39, 20061104, 1040, 200611, '第二学期', 3, 6);
INSERT INTO `sys_timetable` VALUES (1386, 30, 20061104, 1050, 200614, '第二学期', 5, 4);
INSERT INTO `sys_timetable` VALUES (1387, 63, 20061104, 1011, 200610, '第二学期', 5, 3);
INSERT INTO `sys_timetable` VALUES (1388, 56, 20061105, 1037, 200611, '第二学期', 1, 2);
INSERT INTO `sys_timetable` VALUES (1389, 51, 20061105, 1044, 200601, '第二学期', 3, 7);
INSERT INTO `sys_timetable` VALUES (1390, 42, 20061105, 1023, 200609, '第二学期', 6, 7);
INSERT INTO `sys_timetable` VALUES (1391, 33, 20061105, 1053, 200610, '第二学期', 2, 2);
INSERT INTO `sys_timetable` VALUES (1392, 42, 20061105, 1050, 200609, '第二学期', 6, 7);
INSERT INTO `sys_timetable` VALUES (1393, 35, 20061105, 1085, 200609, '第二学期', 4, 3);
INSERT INTO `sys_timetable` VALUES (1394, 48, 20061105, 1034, 200608, '第二学期', 2, 5);
INSERT INTO `sys_timetable` VALUES (1395, 72, 20061105, 1014, 200605, '第二学期', 1, 7);
INSERT INTO `sys_timetable` VALUES (1396, 68, 20061105, 1049, 200609, '第二学期', 1, 4);
INSERT INTO `sys_timetable` VALUES (1397, 42, 20061105, 1041, 200611, '第二学期', 2, 5);
INSERT INTO `sys_timetable` VALUES (1398, 33, 20061105, 1062, 200608, '第二学期', 5, 5);
INSERT INTO `sys_timetable` VALUES (1399, 37, 20061105, 1083, 200609, '第二学期', 2, 5);
INSERT INTO `sys_timetable` VALUES (1400, 80, 20061106, 1071, 200605, '第二学期', 4, 7);
INSERT INTO `sys_timetable` VALUES (1401, 35, 20061106, 1078, 200609, '第二学期', 2, 5);
INSERT INTO `sys_timetable` VALUES (1402, 16, 20061106, 1010, 200608, '第二学期', 6, 4);
INSERT INTO `sys_timetable` VALUES (1403, 44, 20061106, 1077, 200607, '第二学期', 4, 7);
INSERT INTO `sys_timetable` VALUES (1404, 38, 20061106, 1013, 200605, '第二学期', 2, 5);
INSERT INTO `sys_timetable` VALUES (1405, 59, 20061106, 1067, 200611, '第二学期', 2, 1);
INSERT INTO `sys_timetable` VALUES (1406, 74, 20061106, 1015, 200613, '第二学期', 3, 1);
INSERT INTO `sys_timetable` VALUES (1407, 32, 20061106, 1034, 200602, '第二学期', 2, 7);
INSERT INTO `sys_timetable` VALUES (1408, 36, 20061106, 1063, 200613, '第二学期', 6, 1);
INSERT INTO `sys_timetable` VALUES (1409, 59, 20061106, 1080, 200611, '第二学期', 1, 3);
INSERT INTO `sys_timetable` VALUES (1410, 59, 20061106, 1045, 200607, '第二学期', 3, 3);
INSERT INTO `sys_timetable` VALUES (1411, 38, 20061106, 1058, 200611, '第二学期', 1, 6);
INSERT INTO `sys_timetable` VALUES (1412, 22, 20061107, 1058, 200608, '第二学期', 2, 6);
INSERT INTO `sys_timetable` VALUES (1413, 67, 20061107, 1060, 200606, '第二学期', 5, 3);
INSERT INTO `sys_timetable` VALUES (1414, 11, 20061107, 1082, 200614, '第二学期', 5, 7);
INSERT INTO `sys_timetable` VALUES (1415, 85, 20061107, 1076, 200612, '第二学期', 4, 5);
INSERT INTO `sys_timetable` VALUES (1416, 37, 20061107, 1053, 200607, '第二学期', 4, 1);
INSERT INTO `sys_timetable` VALUES (1417, 28, 20061107, 1079, 200608, '第二学期', 6, 6);
INSERT INTO `sys_timetable` VALUES (1418, 69, 20061107, 1063, 200603, '第二学期', 1, 1);
INSERT INTO `sys_timetable` VALUES (1419, 14, 20061107, 1003, 200614, '第二学期', 2, 1);
INSERT INTO `sys_timetable` VALUES (1420, 50, 20061107, 1072, 200602, '第二学期', 4, 7);
INSERT INTO `sys_timetable` VALUES (1421, 51, 20061107, 1046, 200610, '第二学期', 5, 5);
INSERT INTO `sys_timetable` VALUES (1422, 61, 20061107, 1081, 200603, '第二学期', 3, 1);
INSERT INTO `sys_timetable` VALUES (1423, 71, 20061107, 1029, 200605, '第二学期', 6, 2);
INSERT INTO `sys_timetable` VALUES (1424, 47, 20061108, 1033, 200601, '第二学期', 2, 1);
INSERT INTO `sys_timetable` VALUES (1425, 20, 20061108, 1007, 200613, '第二学期', 6, 7);
INSERT INTO `sys_timetable` VALUES (1426, 53, 20061108, 1003, 200612, '第二学期', 3, 4);
INSERT INTO `sys_timetable` VALUES (1427, 77, 20061108, 1017, 200602, '第二学期', 4, 5);
INSERT INTO `sys_timetable` VALUES (1428, 57, 20061108, 1014, 200608, '第二学期', 6, 6);
INSERT INTO `sys_timetable` VALUES (1429, 60, 20061108, 1054, 200601, '第二学期', 5, 6);
INSERT INTO `sys_timetable` VALUES (1430, 71, 20061108, 1063, 200614, '第二学期', 3, 5);
INSERT INTO `sys_timetable` VALUES (1431, 42, 20061108, 1047, 200610, '第二学期', 2, 5);
INSERT INTO `sys_timetable` VALUES (1432, 40, 20061108, 1066, 200609, '第二学期', 2, 7);
INSERT INTO `sys_timetable` VALUES (1433, 68, 20061108, 1043, 200611, '第二学期', 2, 4);
INSERT INTO `sys_timetable` VALUES (1434, 25, 20061108, 1069, 200604, '第二学期', 5, 7);
INSERT INTO `sys_timetable` VALUES (1435, 67, 20061108, 1006, 200605, '第二学期', 4, 4);
INSERT INTO `sys_timetable` VALUES (1436, 15, 20061109, 1007, 200601, '第二学期', 5, 6);
INSERT INTO `sys_timetable` VALUES (1437, 40, 20061109, 1065, 200612, '第二学期', 2, 6);
INSERT INTO `sys_timetable` VALUES (1438, 64, 20061109, 1010, 200608, '第二学期', 6, 3);
INSERT INTO `sys_timetable` VALUES (1439, 59, 20061109, 1079, 200604, '第二学期', 2, 5);
INSERT INTO `sys_timetable` VALUES (1440, 9, 20061109, 1070, 200614, '第二学期', 5, 7);
INSERT INTO `sys_timetable` VALUES (1441, 29, 20061109, 1033, 200606, '第二学期', 6, 5);
INSERT INTO `sys_timetable` VALUES (1442, 73, 20061109, 1071, 200614, '第二学期', 2, 6);
INSERT INTO `sys_timetable` VALUES (1443, 29, 20061109, 1039, 200601, '第二学期', 4, 2);
INSERT INTO `sys_timetable` VALUES (1444, 79, 20061109, 1072, 200609, '第二学期', 5, 6);
INSERT INTO `sys_timetable` VALUES (1445, 8, 20061109, 1074, 200603, '第二学期', 5, 2);
INSERT INTO `sys_timetable` VALUES (1446, 4, 20061109, 1067, 200609, '第二学期', 6, 3);
INSERT INTO `sys_timetable` VALUES (1447, 71, 20061109, 1011, 200611, '第二学期', 6, 6);
INSERT INTO `sys_timetable` VALUES (1448, 72, 20061110, 1057, 200608, '第二学期', 4, 2);
INSERT INTO `sys_timetable` VALUES (1449, 69, 20061110, 1085, 200604, '第二学期', 2, 6);
INSERT INTO `sys_timetable` VALUES (1450, 77, 20061110, 1016, 200607, '第二学期', 5, 7);
INSERT INTO `sys_timetable` VALUES (1451, 55, 20061110, 1003, 200601, '第二学期', 1, 4);
INSERT INTO `sys_timetable` VALUES (1452, 40, 20061110, 1002, 200602, '第二学期', 4, 3);
INSERT INTO `sys_timetable` VALUES (1453, 20, 20061110, 1067, 200610, '第二学期', 2, 7);
INSERT INTO `sys_timetable` VALUES (1454, 38, 20061110, 1073, 200612, '第二学期', 6, 5);
INSERT INTO `sys_timetable` VALUES (1455, 14, 20061110, 1002, 200611, '第二学期', 3, 4);
INSERT INTO `sys_timetable` VALUES (1456, 59, 20061110, 1059, 200605, '第二学期', 1, 6);
INSERT INTO `sys_timetable` VALUES (1457, 16, 20061110, 1031, 200611, '第二学期', 2, 2);
INSERT INTO `sys_timetable` VALUES (1458, 46, 20061110, 1081, 200608, '第二学期', 4, 5);
INSERT INTO `sys_timetable` VALUES (1459, 45, 20061110, 1073, 200612, '第二学期', 5, 4);
INSERT INTO `sys_timetable` VALUES (1460, 40, 20061111, 1046, 200601, '第二学期', 6, 2);
INSERT INTO `sys_timetable` VALUES (1461, 19, 20061111, 1006, 200605, '第二学期', 3, 7);
INSERT INTO `sys_timetable` VALUES (1462, 52, 20061111, 1002, 200614, '第二学期', 1, 6);
INSERT INTO `sys_timetable` VALUES (1463, 17, 20061111, 1047, 200610, '第二学期', 4, 6);
INSERT INTO `sys_timetable` VALUES (1464, 2, 20061111, 1078, 200612, '第二学期', 6, 5);
INSERT INTO `sys_timetable` VALUES (1465, 75, 20061111, 1076, 200612, '第二学期', 1, 2);
INSERT INTO `sys_timetable` VALUES (1466, 25, 20061111, 1062, 200603, '第二学期', 4, 1);
INSERT INTO `sys_timetable` VALUES (1467, 48, 20061111, 1014, 200608, '第二学期', 1, 4);
INSERT INTO `sys_timetable` VALUES (1468, 56, 20061111, 1005, 200608, '第二学期', 4, 7);
INSERT INTO `sys_timetable` VALUES (1469, 49, 20061111, 1049, 200613, '第二学期', 4, 1);
INSERT INTO `sys_timetable` VALUES (1470, 1, 20061111, 1004, 200613, '第二学期', 2, 2);
INSERT INTO `sys_timetable` VALUES (1471, 5, 20061111, 1040, 200607, '第二学期', 5, 3);
INSERT INTO `sys_timetable` VALUES (1472, 56, 20061112, 1028, 200611, '第二学期', 5, 1);
INSERT INTO `sys_timetable` VALUES (1473, 31, 20061112, 1014, 200612, '第二学期', 2, 5);
INSERT INTO `sys_timetable` VALUES (1474, 50, 20061112, 1014, 200613, '第二学期', 5, 5);
INSERT INTO `sys_timetable` VALUES (1475, 21, 20061112, 1007, 200608, '第二学期', 4, 3);
INSERT INTO `sys_timetable` VALUES (1476, 55, 20061112, 1085, 200607, '第二学期', 2, 1);
INSERT INTO `sys_timetable` VALUES (1477, 16, 20061112, 1026, 200608, '第二学期', 2, 1);
INSERT INTO `sys_timetable` VALUES (1478, 39, 20061112, 1047, 200608, '第二学期', 5, 2);
INSERT INTO `sys_timetable` VALUES (1479, 25, 20061112, 1078, 200609, '第二学期', 4, 5);
INSERT INTO `sys_timetable` VALUES (1480, 81, 20061112, 1083, 200608, '第二学期', 6, 6);
INSERT INTO `sys_timetable` VALUES (1481, 64, 20061112, 1040, 200603, '第二学期', 5, 4);
INSERT INTO `sys_timetable` VALUES (1482, 44, 20061112, 1010, 200601, '第二学期', 2, 2);
INSERT INTO `sys_timetable` VALUES (1483, 51, 20061112, 1040, 200613, '第二学期', 1, 2);
INSERT INTO `sys_timetable` VALUES (1484, 52, 20061113, 1040, 200613, '第二学期', 5, 6);
INSERT INTO `sys_timetable` VALUES (1485, 67, 20061113, 1002, 200609, '第二学期', 1, 4);
INSERT INTO `sys_timetable` VALUES (1486, 53, 20061113, 1067, 200613, '第二学期', 5, 4);
INSERT INTO `sys_timetable` VALUES (1487, 61, 20061113, 1057, 200608, '第二学期', 6, 1);
INSERT INTO `sys_timetable` VALUES (1488, 51, 20061113, 1074, 200613, '第二学期', 4, 1);
INSERT INTO `sys_timetable` VALUES (1489, 47, 20061113, 1011, 200603, '第二学期', 1, 7);
INSERT INTO `sys_timetable` VALUES (1490, 72, 20061113, 1039, 200611, '第二学期', 4, 1);
INSERT INTO `sys_timetable` VALUES (1491, 4, 20061113, 1076, 200605, '第二学期', 1, 7);
INSERT INTO `sys_timetable` VALUES (1492, 65, 20061113, 1013, 200608, '第二学期', 4, 5);
INSERT INTO `sys_timetable` VALUES (1493, 24, 20061113, 1016, 200612, '第二学期', 2, 5);
INSERT INTO `sys_timetable` VALUES (1494, 21, 20061113, 1075, 200608, '第二学期', 3, 7);
INSERT INTO `sys_timetable` VALUES (1495, 56, 20061113, 1057, 200605, '第二学期', 1, 4);
INSERT INTO `sys_timetable` VALUES (1496, 84, 20061114, 1009, 200601, '第二学期', 1, 6);
INSERT INTO `sys_timetable` VALUES (1497, 5, 20061114, 1034, 200601, '第二学期', 5, 7);
INSERT INTO `sys_timetable` VALUES (1498, 86, 20061114, 1015, 200609, '第二学期', 2, 2);
INSERT INTO `sys_timetable` VALUES (1499, 49, 20061114, 1075, 200601, '第二学期', 2, 3);
INSERT INTO `sys_timetable` VALUES (1500, 15, 20061114, 1057, 200604, '第二学期', 5, 6);
INSERT INTO `sys_timetable` VALUES (1501, 5, 20061114, 1031, 200609, '第二学期', 4, 7);
INSERT INTO `sys_timetable` VALUES (1502, 42, 20061114, 1030, 200614, '第二学期', 3, 4);
INSERT INTO `sys_timetable` VALUES (1503, 47, 20061114, 1003, 200612, '第二学期', 6, 7);
INSERT INTO `sys_timetable` VALUES (1504, 24, 20061114, 1035, 200601, '第二学期', 5, 1);
INSERT INTO `sys_timetable` VALUES (1505, 33, 20061114, 1081, 200613, '第二学期', 5, 3);
INSERT INTO `sys_timetable` VALUES (1506, 37, 20061114, 1051, 200611, '第二学期', 2, 2);
INSERT INTO `sys_timetable` VALUES (1507, 78, 20061114, 1018, 200603, '第二学期', 3, 3);
INSERT INTO `sys_timetable` VALUES (1508, 24, 20061115, 1039, 200610, '第二学期', 6, 3);
INSERT INTO `sys_timetable` VALUES (1509, 61, 20061115, 1070, 200606, '第二学期', 5, 2);
INSERT INTO `sys_timetable` VALUES (1510, 76, 20061115, 1025, 200604, '第二学期', 1, 7);
INSERT INTO `sys_timetable` VALUES (1511, 26, 20061115, 1081, 200607, '第二学期', 4, 2);
INSERT INTO `sys_timetable` VALUES (1512, 61, 20061115, 1013, 200611, '第二学期', 6, 4);
INSERT INTO `sys_timetable` VALUES (1513, 2, 20061115, 1056, 200607, '第二学期', 3, 6);
INSERT INTO `sys_timetable` VALUES (1514, 82, 20061115, 1053, 200604, '第二学期', 2, 7);
INSERT INTO `sys_timetable` VALUES (1515, 9, 20061115, 1058, 200612, '第二学期', 5, 5);
INSERT INTO `sys_timetable` VALUES (1516, 9, 20061115, 1018, 200607, '第二学期', 5, 4);
INSERT INTO `sys_timetable` VALUES (1517, 18, 20061115, 1040, 200605, '第二学期', 1, 4);
INSERT INTO `sys_timetable` VALUES (1518, 36, 20061115, 1027, 200604, '第二学期', 6, 6);
INSERT INTO `sys_timetable` VALUES (1519, 84, 20061115, 1033, 200613, '第二学期', 6, 7);
INSERT INTO `sys_timetable` VALUES (1520, 65, 20061116, 1011, 200614, '第二学期', 1, 3);
INSERT INTO `sys_timetable` VALUES (1521, 57, 20061116, 1030, 200612, '第二学期', 3, 3);
INSERT INTO `sys_timetable` VALUES (1522, 30, 20061116, 1011, 200609, '第二学期', 6, 5);
INSERT INTO `sys_timetable` VALUES (1523, 70, 20061116, 1077, 200611, '第二学期', 2, 7);
INSERT INTO `sys_timetable` VALUES (1524, 33, 20061116, 1032, 200610, '第二学期', 6, 2);
INSERT INTO `sys_timetable` VALUES (1525, 13, 20061116, 1059, 200610, '第二学期', 2, 4);
INSERT INTO `sys_timetable` VALUES (1526, 82, 20061116, 1012, 200610, '第二学期', 5, 5);
INSERT INTO `sys_timetable` VALUES (1527, 80, 20061116, 1074, 200609, '第二学期', 3, 5);
INSERT INTO `sys_timetable` VALUES (1528, 15, 20061116, 1052, 200608, '第二学期', 2, 3);
INSERT INTO `sys_timetable` VALUES (1529, 55, 20061116, 1015, 200611, '第二学期', 4, 3);
INSERT INTO `sys_timetable` VALUES (1530, 70, 20061116, 1055, 200604, '第二学期', 5, 7);
INSERT INTO `sys_timetable` VALUES (1531, 44, 20061116, 1009, 200603, '第二学期', 4, 2);
INSERT INTO `sys_timetable` VALUES (1532, 43, 20061117, 1026, 200606, '第二学期', 6, 5);
INSERT INTO `sys_timetable` VALUES (1533, 4, 20061117, 1037, 200604, '第二学期', 2, 1);
INSERT INTO `sys_timetable` VALUES (1534, 53, 20061117, 1043, 200607, '第二学期', 4, 7);
INSERT INTO `sys_timetable` VALUES (1535, 3, 20061117, 1014, 200614, '第二学期', 3, 1);
INSERT INTO `sys_timetable` VALUES (1536, 85, 20061117, 1074, 200601, '第二学期', 1, 1);
INSERT INTO `sys_timetable` VALUES (1537, 59, 20061117, 1049, 200612, '第二学期', 1, 4);
INSERT INTO `sys_timetable` VALUES (1538, 62, 20061117, 1081, 200604, '第二学期', 5, 1);
INSERT INTO `sys_timetable` VALUES (1539, 76, 20061117, 1030, 200613, '第二学期', 1, 3);
INSERT INTO `sys_timetable` VALUES (1540, 28, 20061117, 1017, 200614, '第二学期', 3, 5);
INSERT INTO `sys_timetable` VALUES (1541, 15, 20061117, 1084, 200612, '第二学期', 3, 7);
INSERT INTO `sys_timetable` VALUES (1542, 66, 20061117, 1039, 200604, '第二学期', 5, 6);
INSERT INTO `sys_timetable` VALUES (1543, 23, 20061117, 1041, 200601, '第二学期', 3, 6);
INSERT INTO `sys_timetable` VALUES (1544, 19, 20061118, 1002, 200614, '第二学期', 1, 6);
INSERT INTO `sys_timetable` VALUES (1545, 28, 20061118, 1043, 200605, '第二学期', 1, 2);
INSERT INTO `sys_timetable` VALUES (1546, 62, 20061118, 1009, 200614, '第二学期', 5, 7);
INSERT INTO `sys_timetable` VALUES (1547, 5, 20061118, 1080, 200611, '第二学期', 3, 4);
INSERT INTO `sys_timetable` VALUES (1548, 42, 20061118, 1007, 200603, '第二学期', 5, 6);
INSERT INTO `sys_timetable` VALUES (1549, 48, 20061118, 1062, 200608, '第二学期', 4, 4);
INSERT INTO `sys_timetable` VALUES (1550, 22, 20061118, 1053, 200610, '第二学期', 4, 2);
INSERT INTO `sys_timetable` VALUES (1551, 11, 20061118, 1060, 200614, '第二学期', 6, 2);
INSERT INTO `sys_timetable` VALUES (1552, 16, 20061118, 1040, 200612, '第二学期', 5, 7);
INSERT INTO `sys_timetable` VALUES (1553, 65, 20061118, 1022, 200612, '第二学期', 2, 2);
INSERT INTO `sys_timetable` VALUES (1554, 32, 20061118, 1011, 200604, '第二学期', 2, 4);
INSERT INTO `sys_timetable` VALUES (1555, 47, 20061118, 1047, 200604, '第二学期', 6, 1);
INSERT INTO `sys_timetable` VALUES (1556, 75, 20061119, 1057, 200605, '第二学期', 6, 2);
INSERT INTO `sys_timetable` VALUES (1557, 13, 20061119, 1062, 200606, '第二学期', 3, 5);
INSERT INTO `sys_timetable` VALUES (1558, 70, 20061119, 1040, 200609, '第二学期', 4, 2);
INSERT INTO `sys_timetable` VALUES (1559, 50, 20061119, 1065, 200609, '第二学期', 4, 1);
INSERT INTO `sys_timetable` VALUES (1560, 77, 20061119, 1077, 200611, '第二学期', 3, 6);
INSERT INTO `sys_timetable` VALUES (1561, 33, 20061119, 1035, 200614, '第二学期', 5, 3);
INSERT INTO `sys_timetable` VALUES (1562, 61, 20061119, 1057, 200609, '第二学期', 6, 7);
INSERT INTO `sys_timetable` VALUES (1563, 1, 20061119, 1073, 200606, '第二学期', 5, 1);
INSERT INTO `sys_timetable` VALUES (1564, 51, 20061119, 1049, 200607, '第二学期', 3, 6);
INSERT INTO `sys_timetable` VALUES (1565, 56, 20061119, 1030, 200601, '第二学期', 6, 5);
INSERT INTO `sys_timetable` VALUES (1566, 46, 20061119, 1074, 200605, '第二学期', 2, 4);
INSERT INTO `sys_timetable` VALUES (1567, 26, 20061119, 1002, 200602, '第二学期', 2, 1);
INSERT INTO `sys_timetable` VALUES (1568, 43, 20061120, 1054, 200603, '第二学期', 3, 1);
INSERT INTO `sys_timetable` VALUES (1569, 71, 20061120, 1081, 200612, '第二学期', 4, 7);
INSERT INTO `sys_timetable` VALUES (1570, 20, 20061120, 1076, 200604, '第二学期', 1, 3);
INSERT INTO `sys_timetable` VALUES (1571, 57, 20061120, 1064, 200603, '第二学期', 6, 7);
INSERT INTO `sys_timetable` VALUES (1572, 13, 20061120, 1020, 200607, '第二学期', 2, 2);
INSERT INTO `sys_timetable` VALUES (1573, 70, 20061120, 1062, 200607, '第二学期', 4, 3);
INSERT INTO `sys_timetable` VALUES (1574, 77, 20061120, 1057, 200604, '第二学期', 1, 5);
INSERT INTO `sys_timetable` VALUES (1575, 34, 20061120, 1037, 200601, '第二学期', 1, 7);
INSERT INTO `sys_timetable` VALUES (1576, 28, 20061120, 1004, 200612, '第二学期', 3, 7);
INSERT INTO `sys_timetable` VALUES (1577, 67, 20061120, 1055, 200606, '第二学期', 3, 4);
INSERT INTO `sys_timetable` VALUES (1578, 80, 20061120, 1019, 200608, '第二学期', 6, 7);
INSERT INTO `sys_timetable` VALUES (1579, 21, 20061120, 1038, 200604, '第二学期', 3, 1);
INSERT INTO `sys_timetable` VALUES (1580, 79, 20061101, 1031, 200614, '第二学期', 3, 1);
INSERT INTO `sys_timetable` VALUES (1581, 10, 20061101, 1041, 200611, '第二学期', 3, 2);
INSERT INTO `sys_timetable` VALUES (1582, 8, 20061101, 1034, 200607, '第二学期', 5, 4);
INSERT INTO `sys_timetable` VALUES (1583, 82, 20061101, 1021, 200607, '第二学期', 2, 7);
INSERT INTO `sys_timetable` VALUES (1584, 42, 20061101, 1050, 200612, '第二学期', 3, 1);
INSERT INTO `sys_timetable` VALUES (1585, 22, 20061101, 1012, 200614, '第二学期', 1, 1);
INSERT INTO `sys_timetable` VALUES (1586, 56, 20061101, 1079, 200603, '第二学期', 6, 3);
INSERT INTO `sys_timetable` VALUES (1587, 26, 20061101, 1013, 200601, '第二学期', 1, 3);
INSERT INTO `sys_timetable` VALUES (1588, 12, 20061101, 1028, 200610, '第二学期', 2, 3);
INSERT INTO `sys_timetable` VALUES (1589, 59, 20061101, 1022, 200606, '第二学期', 4, 2);
INSERT INTO `sys_timetable` VALUES (1590, 65, 20061101, 1010, 200610, '第二学期', 3, 7);
INSERT INTO `sys_timetable` VALUES (1591, 65, 20061101, 1083, 200605, '第二学期', 3, 3);
INSERT INTO `sys_timetable` VALUES (1592, 43, 20061102, 1081, 200603, '第二学期', 5, 5);
INSERT INTO `sys_timetable` VALUES (1593, 84, 20061102, 1003, 200606, '第二学期', 2, 5);
INSERT INTO `sys_timetable` VALUES (1594, 15, 20061102, 1076, 200604, '第二学期', 3, 4);
INSERT INTO `sys_timetable` VALUES (1595, 76, 20061102, 1082, 200605, '第二学期', 6, 2);
INSERT INTO `sys_timetable` VALUES (1596, 44, 20061102, 1020, 200604, '第二学期', 5, 5);
INSERT INTO `sys_timetable` VALUES (1597, 4, 20061102, 1078, 200604, '第二学期', 4, 3);
INSERT INTO `sys_timetable` VALUES (1598, 3, 20061102, 1028, 200610, '第二学期', 3, 4);
INSERT INTO `sys_timetable` VALUES (1599, 30, 20061102, 1074, 200603, '第二学期', 6, 7);
INSERT INTO `sys_timetable` VALUES (1600, 44, 20061102, 1084, 200608, '第二学期', 5, 5);
INSERT INTO `sys_timetable` VALUES (1601, 38, 20061102, 1025, 200610, '第二学期', 4, 2);
INSERT INTO `sys_timetable` VALUES (1602, 18, 20061102, 1070, 200608, '第二学期', 1, 7);
INSERT INTO `sys_timetable` VALUES (1603, 39, 20061102, 1006, 200605, '第二学期', 5, 3);
INSERT INTO `sys_timetable` VALUES (1604, 59, 20061103, 1065, 200612, '第二学期', 4, 2);
INSERT INTO `sys_timetable` VALUES (1605, 32, 20061103, 1025, 200610, '第二学期', 6, 2);
INSERT INTO `sys_timetable` VALUES (1606, 83, 20061103, 1010, 200609, '第二学期', 6, 5);
INSERT INTO `sys_timetable` VALUES (1607, 77, 20061103, 1012, 200602, '第二学期', 2, 6);
INSERT INTO `sys_timetable` VALUES (1608, 3, 20061103, 1017, 200606, '第二学期', 3, 7);
INSERT INTO `sys_timetable` VALUES (1609, 13, 20061103, 1083, 200602, '第二学期', 2, 4);
INSERT INTO `sys_timetable` VALUES (1610, 61, 20061103, 1019, 200602, '第二学期', 5, 2);
INSERT INTO `sys_timetable` VALUES (1611, 81, 20061103, 1044, 200606, '第二学期', 5, 1);
INSERT INTO `sys_timetable` VALUES (1612, 26, 20061103, 1077, 200602, '第二学期', 6, 4);
INSERT INTO `sys_timetable` VALUES (1613, 78, 20061103, 1077, 200613, '第二学期', 3, 4);
INSERT INTO `sys_timetable` VALUES (1614, 69, 20061103, 1018, 200606, '第二学期', 5, 2);
INSERT INTO `sys_timetable` VALUES (1615, 34, 20061103, 1052, 200603, '第二学期', 3, 6);
INSERT INTO `sys_timetable` VALUES (1616, 77, 20061104, 1035, 200609, '第二学期', 5, 3);
INSERT INTO `sys_timetable` VALUES (1617, 60, 20061104, 1081, 200614, '第二学期', 6, 4);
INSERT INTO `sys_timetable` VALUES (1618, 86, 20061104, 1012, 200612, '第二学期', 6, 2);
INSERT INTO `sys_timetable` VALUES (1619, 74, 20061104, 1016, 200601, '第二学期', 5, 6);
INSERT INTO `sys_timetable` VALUES (1620, 18, 20061104, 1064, 200603, '第二学期', 4, 6);
INSERT INTO `sys_timetable` VALUES (1621, 79, 20061104, 1016, 200609, '第二学期', 5, 7);
INSERT INTO `sys_timetable` VALUES (1622, 43, 20061104, 1003, 200604, '第二学期', 1, 5);
INSERT INTO `sys_timetable` VALUES (1623, 38, 20061104, 1037, 200610, '第二学期', 5, 2);
INSERT INTO `sys_timetable` VALUES (1624, 77, 20061104, 1006, 200608, '第二学期', 3, 3);
INSERT INTO `sys_timetable` VALUES (1625, 36, 20061104, 1038, 200614, '第二学期', 4, 6);
INSERT INTO `sys_timetable` VALUES (1626, 15, 20061104, 1034, 200604, '第二学期', 6, 2);
INSERT INTO `sys_timetable` VALUES (1627, 10, 20061104, 1077, 200604, '第二学期', 6, 6);
INSERT INTO `sys_timetable` VALUES (1628, 27, 20061105, 1020, 200610, '第二学期', 1, 6);
INSERT INTO `sys_timetable` VALUES (1629, 83, 20061105, 1022, 200607, '第二学期', 5, 4);
INSERT INTO `sys_timetable` VALUES (1630, 25, 20061105, 1050, 200605, '第二学期', 3, 6);
INSERT INTO `sys_timetable` VALUES (1631, 2, 20061105, 1030, 200601, '第二学期', 6, 1);
INSERT INTO `sys_timetable` VALUES (1632, 30, 20061105, 1079, 200609, '第二学期', 6, 6);
INSERT INTO `sys_timetable` VALUES (1633, 47, 20061105, 1079, 200613, '第二学期', 3, 2);
INSERT INTO `sys_timetable` VALUES (1634, 74, 20061105, 1066, 200612, '第二学期', 2, 4);
INSERT INTO `sys_timetable` VALUES (1635, 13, 20061105, 1062, 200613, '第二学期', 6, 4);
INSERT INTO `sys_timetable` VALUES (1636, 73, 20061105, 1069, 200606, '第二学期', 2, 5);
INSERT INTO `sys_timetable` VALUES (1637, 41, 20061105, 1038, 200602, '第二学期', 6, 2);
INSERT INTO `sys_timetable` VALUES (1638, 65, 20061105, 1039, 200601, '第二学期', 3, 6);
INSERT INTO `sys_timetable` VALUES (1639, 78, 20061105, 1077, 200606, '第二学期', 1, 1);
INSERT INTO `sys_timetable` VALUES (1640, 62, 20061106, 1070, 200606, '第二学期', 4, 7);
INSERT INTO `sys_timetable` VALUES (1641, 16, 20061106, 1004, 200601, '第二学期', 6, 5);
INSERT INTO `sys_timetable` VALUES (1642, 23, 20061106, 1018, 200614, '第二学期', 4, 1);
INSERT INTO `sys_timetable` VALUES (1643, 30, 20061106, 1008, 200603, '第二学期', 6, 4);
INSERT INTO `sys_timetable` VALUES (1644, 41, 20061106, 1065, 200604, '第二学期', 5, 4);
INSERT INTO `sys_timetable` VALUES (1645, 12, 20061106, 1021, 200607, '第二学期', 1, 1);
INSERT INTO `sys_timetable` VALUES (1646, 74, 20061106, 1068, 200601, '第二学期', 6, 4);
INSERT INTO `sys_timetable` VALUES (1647, 7, 20061106, 1072, 200611, '第二学期', 6, 7);
INSERT INTO `sys_timetable` VALUES (1648, 73, 20061106, 1024, 200608, '第二学期', 6, 7);
INSERT INTO `sys_timetable` VALUES (1649, 14, 20061106, 1043, 200610, '第二学期', 3, 4);
INSERT INTO `sys_timetable` VALUES (1650, 36, 20061106, 1018, 200602, '第二学期', 2, 5);
INSERT INTO `sys_timetable` VALUES (1651, 32, 20061106, 1085, 200604, '第二学期', 2, 7);
INSERT INTO `sys_timetable` VALUES (1652, 82, 20061107, 1012, 200602, '第二学期', 6, 3);
INSERT INTO `sys_timetable` VALUES (1653, 79, 20061107, 1014, 200612, '第二学期', 2, 7);
INSERT INTO `sys_timetable` VALUES (1654, 8, 20061107, 1084, 200601, '第二学期', 2, 1);
INSERT INTO `sys_timetable` VALUES (1655, 44, 20061107, 1036, 200613, '第二学期', 3, 1);
INSERT INTO `sys_timetable` VALUES (1656, 73, 20061107, 1012, 200611, '第二学期', 3, 6);
INSERT INTO `sys_timetable` VALUES (1657, 78, 20061107, 1053, 200601, '第二学期', 2, 2);
INSERT INTO `sys_timetable` VALUES (1658, 33, 20061107, 1071, 200611, '第二学期', 1, 7);
INSERT INTO `sys_timetable` VALUES (1659, 83, 20061107, 1064, 200601, '第二学期', 4, 7);
INSERT INTO `sys_timetable` VALUES (1660, 13, 20061107, 1012, 200611, '第二学期', 4, 1);
INSERT INTO `sys_timetable` VALUES (1661, 18, 20061107, 1002, 200609, '第二学期', 2, 3);
INSERT INTO `sys_timetable` VALUES (1662, 73, 20061107, 1067, 200601, '第二学期', 5, 1);
INSERT INTO `sys_timetable` VALUES (1663, 59, 20061107, 1072, 200601, '第二学期', 6, 7);
INSERT INTO `sys_timetable` VALUES (1664, 20, 20061108, 1021, 200603, '第二学期', 1, 6);
INSERT INTO `sys_timetable` VALUES (1665, 77, 20061108, 1031, 200606, '第二学期', 3, 2);
INSERT INTO `sys_timetable` VALUES (1666, 83, 20061108, 1052, 200607, '第二学期', 5, 3);
INSERT INTO `sys_timetable` VALUES (1667, 47, 20061108, 1066, 200605, '第二学期', 1, 2);
INSERT INTO `sys_timetable` VALUES (1668, 41, 20061108, 1054, 200607, '第二学期', 1, 7);
INSERT INTO `sys_timetable` VALUES (1669, 72, 20061108, 1055, 200604, '第二学期', 1, 7);
INSERT INTO `sys_timetable` VALUES (1670, 70, 20061108, 1049, 200605, '第二学期', 6, 4);
INSERT INTO `sys_timetable` VALUES (1671, 46, 20061108, 1085, 200610, '第二学期', 1, 7);
INSERT INTO `sys_timetable` VALUES (1672, 47, 20061108, 1024, 200605, '第二学期', 2, 1);
INSERT INTO `sys_timetable` VALUES (1673, 81, 20061108, 1008, 200606, '第二学期', 5, 5);
INSERT INTO `sys_timetable` VALUES (1674, 12, 20061108, 1007, 200612, '第二学期', 2, 6);
INSERT INTO `sys_timetable` VALUES (1675, 8, 20061108, 1028, 200605, '第二学期', 4, 1);
INSERT INTO `sys_timetable` VALUES (1676, 12, 20061109, 1062, 200612, '第二学期', 6, 2);
INSERT INTO `sys_timetable` VALUES (1677, 70, 20061109, 1071, 200614, '第二学期', 1, 5);
INSERT INTO `sys_timetable` VALUES (1678, 86, 20061109, 1079, 200601, '第二学期', 2, 7);
INSERT INTO `sys_timetable` VALUES (1679, 14, 20061109, 1084, 200612, '第二学期', 6, 4);
INSERT INTO `sys_timetable` VALUES (1680, 32, 20061109, 1003, 200610, '第二学期', 5, 1);
INSERT INTO `sys_timetable` VALUES (1681, 39, 20061109, 1045, 200602, '第二学期', 1, 6);
INSERT INTO `sys_timetable` VALUES (1682, 32, 20061109, 1031, 200603, '第二学期', 3, 5);
INSERT INTO `sys_timetable` VALUES (1683, 78, 20061109, 1012, 200607, '第二学期', 3, 7);
INSERT INTO `sys_timetable` VALUES (1684, 8, 20061109, 1032, 200603, '第二学期', 2, 1);
INSERT INTO `sys_timetable` VALUES (1685, 2, 20061109, 1015, 200610, '第二学期', 4, 5);
INSERT INTO `sys_timetable` VALUES (1686, 70, 20061109, 1042, 200612, '第二学期', 3, 7);
INSERT INTO `sys_timetable` VALUES (1687, 80, 20061109, 1078, 200601, '第二学期', 6, 5);
INSERT INTO `sys_timetable` VALUES (1688, 48, 20061110, 1044, 200602, '第二学期', 6, 5);
INSERT INTO `sys_timetable` VALUES (1689, 46, 20061110, 1074, 200612, '第二学期', 4, 7);
INSERT INTO `sys_timetable` VALUES (1690, 3, 20061110, 1051, 200606, '第二学期', 3, 4);
INSERT INTO `sys_timetable` VALUES (1691, 62, 20061110, 1080, 200608, '第二学期', 2, 2);
INSERT INTO `sys_timetable` VALUES (1692, 32, 20061110, 1017, 200609, '第二学期', 5, 7);
INSERT INTO `sys_timetable` VALUES (1693, 49, 20061110, 1011, 200601, '第二学期', 5, 4);
INSERT INTO `sys_timetable` VALUES (1694, 14, 20061110, 1041, 200605, '第二学期', 1, 7);
INSERT INTO `sys_timetable` VALUES (1695, 70, 20061110, 1031, 200611, '第二学期', 4, 2);
INSERT INTO `sys_timetable` VALUES (1696, 6, 20061110, 1008, 200613, '第二学期', 2, 6);
INSERT INTO `sys_timetable` VALUES (1697, 28, 20061110, 1069, 200605, '第二学期', 4, 5);
INSERT INTO `sys_timetable` VALUES (1698, 12, 20061110, 1078, 200606, '第二学期', 3, 4);
INSERT INTO `sys_timetable` VALUES (1699, 36, 20061110, 1031, 200607, '第二学期', 4, 7);
INSERT INTO `sys_timetable` VALUES (1700, 32, 20061111, 1069, 200606, '第二学期', 6, 2);
INSERT INTO `sys_timetable` VALUES (1701, 36, 20061111, 1061, 200612, '第二学期', 5, 3);
INSERT INTO `sys_timetable` VALUES (1702, 39, 20061111, 1042, 200601, '第二学期', 4, 1);
INSERT INTO `sys_timetable` VALUES (1703, 54, 20061111, 1065, 200614, '第二学期', 2, 4);
INSERT INTO `sys_timetable` VALUES (1704, 9, 20061111, 1041, 200609, '第二学期', 6, 6);
INSERT INTO `sys_timetable` VALUES (1705, 68, 20061111, 1008, 200610, '第二学期', 2, 6);
INSERT INTO `sys_timetable` VALUES (1706, 45, 20061111, 1072, 200606, '第二学期', 6, 6);
INSERT INTO `sys_timetable` VALUES (1707, 20, 20061111, 1037, 200603, '第二学期', 4, 3);
INSERT INTO `sys_timetable` VALUES (1708, 57, 20061111, 1080, 200612, '第二学期', 3, 2);
INSERT INTO `sys_timetable` VALUES (1709, 43, 20061111, 1004, 200610, '第二学期', 4, 3);
INSERT INTO `sys_timetable` VALUES (1710, 44, 20061111, 1008, 200607, '第二学期', 1, 1);
INSERT INTO `sys_timetable` VALUES (1711, 57, 20061111, 1036, 200609, '第二学期', 6, 2);
INSERT INTO `sys_timetable` VALUES (1712, 50, 20061112, 1032, 200610, '第二学期', 5, 4);
INSERT INTO `sys_timetable` VALUES (1713, 9, 20061112, 1023, 200612, '第二学期', 5, 5);
INSERT INTO `sys_timetable` VALUES (1714, 1, 20061112, 1067, 200613, '第二学期', 3, 5);
INSERT INTO `sys_timetable` VALUES (1715, 18, 20061112, 1027, 200606, '第二学期', 5, 7);
INSERT INTO `sys_timetable` VALUES (1716, 79, 20061112, 1042, 200605, '第二学期', 6, 2);
INSERT INTO `sys_timetable` VALUES (1717, 7, 20061112, 1055, 200606, '第二学期', 1, 7);
INSERT INTO `sys_timetable` VALUES (1718, 52, 20061112, 1062, 200610, '第二学期', 4, 6);
INSERT INTO `sys_timetable` VALUES (1719, 80, 20061112, 1083, 200610, '第二学期', 3, 4);
INSERT INTO `sys_timetable` VALUES (1720, 66, 20061112, 1031, 200607, '第二学期', 5, 4);
INSERT INTO `sys_timetable` VALUES (1721, 13, 20061112, 1053, 200602, '第二学期', 6, 7);
INSERT INTO `sys_timetable` VALUES (1722, 41, 20061112, 1012, 200604, '第二学期', 3, 1);
INSERT INTO `sys_timetable` VALUES (1723, 9, 20061112, 1056, 200612, '第二学期', 2, 6);
INSERT INTO `sys_timetable` VALUES (1724, 60, 20061113, 1074, 200601, '第二学期', 5, 4);
INSERT INTO `sys_timetable` VALUES (1725, 19, 20061113, 1026, 200601, '第二学期', 3, 4);
INSERT INTO `sys_timetable` VALUES (1726, 45, 20061113, 1082, 200614, '第二学期', 6, 6);
INSERT INTO `sys_timetable` VALUES (1727, 25, 20061113, 1073, 200611, '第二学期', 1, 1);
INSERT INTO `sys_timetable` VALUES (1728, 16, 20061113, 1027, 200602, '第二学期', 1, 1);
INSERT INTO `sys_timetable` VALUES (1729, 51, 20061113, 1069, 200603, '第二学期', 1, 1);
INSERT INTO `sys_timetable` VALUES (1730, 56, 20061113, 1042, 200609, '第二学期', 6, 7);
INSERT INTO `sys_timetable` VALUES (1731, 69, 20061113, 1043, 200613, '第二学期', 3, 6);
INSERT INTO `sys_timetable` VALUES (1732, 79, 20061113, 1010, 200613, '第二学期', 3, 7);
INSERT INTO `sys_timetable` VALUES (1733, 78, 20061113, 1061, 200613, '第二学期', 3, 4);
INSERT INTO `sys_timetable` VALUES (1734, 12, 20061113, 1085, 200607, '第二学期', 4, 4);
INSERT INTO `sys_timetable` VALUES (1735, 34, 20061113, 1050, 200602, '第二学期', 1, 1);
INSERT INTO `sys_timetable` VALUES (1736, 78, 20061114, 1044, 200602, '第二学期', 1, 3);
INSERT INTO `sys_timetable` VALUES (1737, 24, 20061114, 1082, 200608, '第二学期', 3, 4);
INSERT INTO `sys_timetable` VALUES (1738, 30, 20061114, 1085, 200612, '第二学期', 5, 7);
INSERT INTO `sys_timetable` VALUES (1739, 10, 20061114, 1037, 200603, '第二学期', 1, 2);
INSERT INTO `sys_timetable` VALUES (1740, 17, 20061114, 1047, 200608, '第二学期', 3, 6);
INSERT INTO `sys_timetable` VALUES (1741, 82, 20061114, 1079, 200612, '第二学期', 5, 2);
INSERT INTO `sys_timetable` VALUES (1742, 85, 20061114, 1048, 200608, '第二学期', 4, 1);
INSERT INTO `sys_timetable` VALUES (1743, 62, 20061114, 1082, 200607, '第二学期', 3, 4);
INSERT INTO `sys_timetable` VALUES (1744, 59, 20061114, 1061, 200608, '第二学期', 1, 5);
INSERT INTO `sys_timetable` VALUES (1745, 76, 20061114, 1075, 200612, '第二学期', 1, 3);
INSERT INTO `sys_timetable` VALUES (1746, 57, 20061114, 1031, 200609, '第二学期', 2, 5);
INSERT INTO `sys_timetable` VALUES (1747, 14, 20061114, 1065, 200608, '第二学期', 2, 4);
INSERT INTO `sys_timetable` VALUES (1748, 40, 20061115, 1016, 200612, '第二学期', 2, 7);
INSERT INTO `sys_timetable` VALUES (1749, 84, 20061115, 1041, 200607, '第二学期', 2, 7);
INSERT INTO `sys_timetable` VALUES (1750, 17, 20061115, 1038, 200601, '第二学期', 3, 1);
INSERT INTO `sys_timetable` VALUES (1751, 52, 20061115, 1012, 200610, '第二学期', 5, 3);
INSERT INTO `sys_timetable` VALUES (1752, 51, 20061115, 1056, 200609, '第二学期', 1, 5);
INSERT INTO `sys_timetable` VALUES (1753, 22, 20061115, 1063, 200612, '第二学期', 1, 1);
INSERT INTO `sys_timetable` VALUES (1754, 46, 20061115, 1054, 200606, '第二学期', 1, 1);
INSERT INTO `sys_timetable` VALUES (1755, 35, 20061115, 1058, 200611, '第二学期', 1, 7);
INSERT INTO `sys_timetable` VALUES (1756, 4, 20061115, 1019, 200607, '第二学期', 6, 4);
INSERT INTO `sys_timetable` VALUES (1757, 41, 20061115, 1053, 200605, '第二学期', 6, 4);
INSERT INTO `sys_timetable` VALUES (1758, 27, 20061115, 1078, 200602, '第二学期', 4, 1);
INSERT INTO `sys_timetable` VALUES (1759, 12, 20061115, 1066, 200604, '第二学期', 1, 5);
INSERT INTO `sys_timetable` VALUES (1760, 63, 20061116, 1073, 200607, '第二学期', 4, 4);
INSERT INTO `sys_timetable` VALUES (1761, 4, 20061116, 1039, 200614, '第二学期', 4, 5);
INSERT INTO `sys_timetable` VALUES (1762, 71, 20061116, 1067, 200601, '第二学期', 6, 6);
INSERT INTO `sys_timetable` VALUES (1763, 74, 20061116, 1066, 200603, '第二学期', 5, 1);
INSERT INTO `sys_timetable` VALUES (1764, 47, 20061116, 1081, 200614, '第二学期', 1, 1);
INSERT INTO `sys_timetable` VALUES (1765, 7, 20061116, 1055, 200606, '第二学期', 6, 3);
INSERT INTO `sys_timetable` VALUES (1766, 22, 20061116, 1038, 200609, '第二学期', 5, 5);
INSERT INTO `sys_timetable` VALUES (1767, 10, 20061116, 1037, 200605, '第二学期', 4, 5);
INSERT INTO `sys_timetable` VALUES (1768, 80, 20061116, 1083, 200606, '第二学期', 2, 1);
INSERT INTO `sys_timetable` VALUES (1769, 15, 20061116, 1038, 200601, '第二学期', 6, 2);
INSERT INTO `sys_timetable` VALUES (1770, 40, 20061116, 1014, 200601, '第二学期', 4, 3);
INSERT INTO `sys_timetable` VALUES (1771, 33, 20061116, 1008, 200613, '第二学期', 5, 5);
INSERT INTO `sys_timetable` VALUES (1772, 58, 20061117, 1054, 200611, '第二学期', 2, 5);
INSERT INTO `sys_timetable` VALUES (1773, 52, 20061117, 1063, 200613, '第二学期', 3, 1);
INSERT INTO `sys_timetable` VALUES (1774, 63, 20061117, 1058, 200602, '第二学期', 6, 5);
INSERT INTO `sys_timetable` VALUES (1775, 76, 20061117, 1079, 200606, '第二学期', 4, 6);
INSERT INTO `sys_timetable` VALUES (1776, 6, 20061117, 1055, 200605, '第二学期', 3, 1);
INSERT INTO `sys_timetable` VALUES (1777, 42, 20061117, 1006, 200609, '第二学期', 2, 7);
INSERT INTO `sys_timetable` VALUES (1778, 86, 20061117, 1039, 200601, '第二学期', 3, 6);
INSERT INTO `sys_timetable` VALUES (1779, 45, 20061117, 1013, 200607, '第二学期', 1, 7);
INSERT INTO `sys_timetable` VALUES (1780, 75, 20061117, 1065, 200604, '第二学期', 3, 4);
INSERT INTO `sys_timetable` VALUES (1781, 83, 20061117, 1036, 200612, '第二学期', 3, 2);
INSERT INTO `sys_timetable` VALUES (1782, 52, 20061117, 1052, 200601, '第二学期', 2, 1);
INSERT INTO `sys_timetable` VALUES (1783, 6, 20061117, 1030, 200614, '第二学期', 2, 7);
INSERT INTO `sys_timetable` VALUES (1784, 22, 20061118, 1013, 200613, '第二学期', 6, 4);
INSERT INTO `sys_timetable` VALUES (1785, 41, 20061118, 1019, 200612, '第二学期', 1, 4);
INSERT INTO `sys_timetable` VALUES (1786, 27, 20061118, 1082, 200605, '第二学期', 2, 5);
INSERT INTO `sys_timetable` VALUES (1787, 13, 20061118, 1054, 200614, '第二学期', 4, 6);
INSERT INTO `sys_timetable` VALUES (1788, 42, 20061118, 1059, 200606, '第二学期', 4, 6);
INSERT INTO `sys_timetable` VALUES (1789, 68, 20061118, 1077, 200607, '第二学期', 3, 3);
INSERT INTO `sys_timetable` VALUES (1790, 58, 20061118, 1042, 200602, '第二学期', 2, 4);
INSERT INTO `sys_timetable` VALUES (1791, 47, 20061118, 1019, 200611, '第二学期', 2, 3);
INSERT INTO `sys_timetable` VALUES (1792, 33, 20061118, 1054, 200614, '第二学期', 6, 3);
INSERT INTO `sys_timetable` VALUES (1793, 66, 20061118, 1069, 200609, '第二学期', 4, 4);
INSERT INTO `sys_timetable` VALUES (1794, 20, 20061118, 1015, 200602, '第二学期', 5, 3);
INSERT INTO `sys_timetable` VALUES (1795, 3, 20061118, 1037, 200607, '第二学期', 4, 3);
INSERT INTO `sys_timetable` VALUES (1796, 51, 20061119, 1054, 200606, '第二学期', 2, 5);
INSERT INTO `sys_timetable` VALUES (1797, 40, 20061119, 1044, 200614, '第二学期', 5, 3);
INSERT INTO `sys_timetable` VALUES (1798, 18, 20061119, 1023, 200608, '第二学期', 5, 7);
INSERT INTO `sys_timetable` VALUES (1799, 68, 20061119, 1026, 200608, '第二学期', 5, 2);
INSERT INTO `sys_timetable` VALUES (1800, 8, 20061119, 1053, 200603, '第二学期', 5, 5);
INSERT INTO `sys_timetable` VALUES (1801, 74, 20061119, 1047, 200612, '第二学期', 6, 6);
INSERT INTO `sys_timetable` VALUES (1802, 71, 20061119, 1019, 200607, '第二学期', 3, 3);
INSERT INTO `sys_timetable` VALUES (1803, 63, 20061119, 1057, 200601, '第二学期', 2, 4);
INSERT INTO `sys_timetable` VALUES (1804, 42, 20061119, 1047, 200609, '第二学期', 5, 6);
INSERT INTO `sys_timetable` VALUES (1805, 43, 20061119, 1017, 200614, '第二学期', 1, 2);
INSERT INTO `sys_timetable` VALUES (1806, 60, 20061119, 1013, 200607, '第二学期', 2, 1);
INSERT INTO `sys_timetable` VALUES (1807, 26, 20061119, 1060, 200607, '第二学期', 5, 1);
INSERT INTO `sys_timetable` VALUES (1808, 17, 20061120, 1038, 200608, '第二学期', 1, 3);
INSERT INTO `sys_timetable` VALUES (1809, 85, 20061120, 1054, 200609, '第二学期', 3, 4);
INSERT INTO `sys_timetable` VALUES (1810, 85, 20061120, 1051, 200612, '第二学期', 2, 1);
INSERT INTO `sys_timetable` VALUES (1811, 13, 20061120, 1022, 200613, '第二学期', 3, 6);
INSERT INTO `sys_timetable` VALUES (1812, 84, 20061120, 1039, 200609, '第二学期', 3, 2);
INSERT INTO `sys_timetable` VALUES (1813, 63, 20061120, 1021, 200604, '第二学期', 1, 1);
INSERT INTO `sys_timetable` VALUES (1814, 31, 20061120, 1080, 200605, '第二学期', 5, 5);
INSERT INTO `sys_timetable` VALUES (1815, 57, 20061120, 1033, 200607, '第二学期', 4, 1);
INSERT INTO `sys_timetable` VALUES (1816, 66, 20061120, 1047, 200612, '第二学期', 2, 6);
INSERT INTO `sys_timetable` VALUES (1817, 16, 20061120, 1053, 200604, '第二学期', 6, 3);
INSERT INTO `sys_timetable` VALUES (1818, 54, 20061120, 1084, 200611, '第二学期', 3, 7);
INSERT INTO `sys_timetable` VALUES (1819, 77, 20061120, 1061, 200607, '第二学期', 4, 6);
INSERT INTO `sys_timetable` VALUES (1820, 62, 20061101, 1027, 200612, '第二学期', 1, 6);
INSERT INTO `sys_timetable` VALUES (1821, 11, 20061101, 1057, 200604, '第二学期', 6, 7);
INSERT INTO `sys_timetable` VALUES (1822, 26, 20061101, 1037, 200603, '第二学期', 6, 7);
INSERT INTO `sys_timetable` VALUES (1823, 20, 20061101, 1049, 200608, '第二学期', 3, 5);
INSERT INTO `sys_timetable` VALUES (1824, 61, 20061101, 1040, 200609, '第二学期', 2, 1);
INSERT INTO `sys_timetable` VALUES (1825, 42, 20061101, 1029, 200601, '第二学期', 1, 2);
INSERT INTO `sys_timetable` VALUES (1826, 75, 20061101, 1008, 200614, '第二学期', 6, 4);
INSERT INTO `sys_timetable` VALUES (1827, 69, 20061101, 1021, 200605, '第二学期', 3, 7);
INSERT INTO `sys_timetable` VALUES (1828, 31, 20061101, 1055, 200611, '第二学期', 2, 1);
INSERT INTO `sys_timetable` VALUES (1829, 12, 20061101, 1004, 200611, '第二学期', 5, 5);
INSERT INTO `sys_timetable` VALUES (1830, 50, 20061101, 1040, 200609, '第二学期', 2, 4);
INSERT INTO `sys_timetable` VALUES (1831, 84, 20061101, 1002, 200607, '第二学期', 4, 4);
INSERT INTO `sys_timetable` VALUES (1832, 5, 20061102, 1063, 200611, '第二学期', 2, 1);
INSERT INTO `sys_timetable` VALUES (1833, 50, 20061102, 1058, 200609, '第二学期', 2, 6);
INSERT INTO `sys_timetable` VALUES (1834, 13, 20061102, 1085, 200604, '第二学期', 5, 2);
INSERT INTO `sys_timetable` VALUES (1835, 4, 20061102, 1003, 200604, '第二学期', 2, 3);
INSERT INTO `sys_timetable` VALUES (1836, 78, 20061102, 1028, 200603, '第二学期', 2, 1);
INSERT INTO `sys_timetable` VALUES (1837, 12, 20061102, 1063, 200606, '第二学期', 3, 4);
INSERT INTO `sys_timetable` VALUES (1838, 58, 20061102, 1024, 200612, '第二学期', 5, 5);
INSERT INTO `sys_timetable` VALUES (1839, 45, 20061102, 1045, 200601, '第二学期', 5, 4);
INSERT INTO `sys_timetable` VALUES (1840, 26, 20061102, 1048, 200611, '第二学期', 6, 6);
INSERT INTO `sys_timetable` VALUES (1841, 4, 20061102, 1027, 200605, '第二学期', 1, 1);
INSERT INTO `sys_timetable` VALUES (1842, 42, 20061102, 1043, 200611, '第二学期', 2, 3);
INSERT INTO `sys_timetable` VALUES (1843, 43, 20061102, 1064, 200609, '第二学期', 5, 4);
INSERT INTO `sys_timetable` VALUES (1844, 21, 20061103, 1004, 200610, '第二学期', 1, 4);
INSERT INTO `sys_timetable` VALUES (1845, 37, 20061103, 1005, 200603, '第二学期', 5, 2);
INSERT INTO `sys_timetable` VALUES (1846, 77, 20061103, 1046, 200610, '第二学期', 2, 2);
INSERT INTO `sys_timetable` VALUES (1847, 9, 20061103, 1084, 200602, '第二学期', 1, 4);
INSERT INTO `sys_timetable` VALUES (1848, 80, 20061103, 1074, 200605, '第二学期', 1, 2);
INSERT INTO `sys_timetable` VALUES (1849, 67, 20061103, 1013, 200605, '第二学期', 1, 4);
INSERT INTO `sys_timetable` VALUES (1850, 37, 20061103, 1048, 200608, '第二学期', 4, 7);
INSERT INTO `sys_timetable` VALUES (1851, 81, 20061103, 1047, 200602, '第二学期', 2, 5);
INSERT INTO `sys_timetable` VALUES (1852, 38, 20061103, 1079, 200609, '第二学期', 2, 5);
INSERT INTO `sys_timetable` VALUES (1853, 27, 20061103, 1084, 200606, '第二学期', 2, 7);
INSERT INTO `sys_timetable` VALUES (1854, 50, 20061103, 1014, 200604, '第二学期', 3, 7);
INSERT INTO `sys_timetable` VALUES (1855, 26, 20061103, 1079, 200606, '第二学期', 4, 1);
INSERT INTO `sys_timetable` VALUES (1856, 42, 20061104, 1007, 200610, '第二学期', 2, 3);
INSERT INTO `sys_timetable` VALUES (1857, 38, 20061104, 1080, 200608, '第二学期', 2, 3);
INSERT INTO `sys_timetable` VALUES (1858, 60, 20061104, 1083, 200607, '第二学期', 3, 2);
INSERT INTO `sys_timetable` VALUES (1859, 8, 20061104, 1068, 200610, '第二学期', 5, 6);
INSERT INTO `sys_timetable` VALUES (1860, 1, 20061104, 1057, 200610, '第二学期', 3, 7);
INSERT INTO `sys_timetable` VALUES (1861, 48, 20061104, 1053, 200606, '第二学期', 4, 2);
INSERT INTO `sys_timetable` VALUES (1862, 5, 20061104, 1084, 200604, '第二学期', 4, 1);
INSERT INTO `sys_timetable` VALUES (1863, 5, 20061104, 1007, 200603, '第二学期', 1, 6);
INSERT INTO `sys_timetable` VALUES (1864, 39, 20061104, 1061, 200609, '第二学期', 5, 2);
INSERT INTO `sys_timetable` VALUES (1865, 20, 20061104, 1070, 200605, '第二学期', 2, 3);
INSERT INTO `sys_timetable` VALUES (1866, 60, 20061104, 1060, 200610, '第二学期', 3, 3);
INSERT INTO `sys_timetable` VALUES (1867, 63, 20061104, 1029, 200604, '第二学期', 5, 2);
INSERT INTO `sys_timetable` VALUES (1868, 21, 20061105, 1053, 200601, '第二学期', 3, 4);
INSERT INTO `sys_timetable` VALUES (1869, 81, 20061105, 1084, 200608, '第二学期', 6, 4);
INSERT INTO `sys_timetable` VALUES (1870, 51, 20061105, 1064, 200612, '第二学期', 2, 1);
INSERT INTO `sys_timetable` VALUES (1871, 39, 20061105, 1013, 200604, '第二学期', 4, 3);
INSERT INTO `sys_timetable` VALUES (1872, 28, 20061105, 1058, 200605, '第二学期', 6, 3);
INSERT INTO `sys_timetable` VALUES (1873, 62, 20061105, 1001, 200610, '第二学期', 5, 5);
INSERT INTO `sys_timetable` VALUES (1874, 65, 20061105, 1008, 200608, '第二学期', 5, 1);
INSERT INTO `sys_timetable` VALUES (1875, 20, 20061105, 1068, 200604, '第二学期', 2, 6);
INSERT INTO `sys_timetable` VALUES (1876, 26, 20061105, 1057, 200601, '第二学期', 1, 2);
INSERT INTO `sys_timetable` VALUES (1877, 81, 20061105, 1059, 200613, '第二学期', 6, 7);
INSERT INTO `sys_timetable` VALUES (1878, 44, 20061105, 1024, 200602, '第二学期', 1, 6);
INSERT INTO `sys_timetable` VALUES (1879, 20, 20061105, 1040, 200609, '第二学期', 1, 7);
INSERT INTO `sys_timetable` VALUES (1880, 16, 20061106, 1024, 200605, '第二学期', 5, 6);
INSERT INTO `sys_timetable` VALUES (1881, 59, 20061106, 1016, 200614, '第二学期', 3, 1);
INSERT INTO `sys_timetable` VALUES (1882, 27, 20061106, 1002, 200614, '第二学期', 3, 2);
INSERT INTO `sys_timetable` VALUES (1883, 46, 20061106, 1075, 200605, '第二学期', 3, 2);
INSERT INTO `sys_timetable` VALUES (1884, 12, 20061106, 1010, 200614, '第二学期', 5, 2);
INSERT INTO `sys_timetable` VALUES (1885, 68, 20061106, 1078, 200614, '第二学期', 4, 6);
INSERT INTO `sys_timetable` VALUES (1886, 15, 20061106, 1017, 200603, '第二学期', 4, 4);
INSERT INTO `sys_timetable` VALUES (1887, 35, 20061106, 1061, 200614, '第二学期', 2, 6);
INSERT INTO `sys_timetable` VALUES (1888, 37, 20061106, 1012, 200614, '第二学期', 6, 6);
INSERT INTO `sys_timetable` VALUES (1889, 20, 20061106, 1002, 200610, '第二学期', 3, 6);
INSERT INTO `sys_timetable` VALUES (1890, 33, 20061106, 1064, 200609, '第二学期', 5, 5);
INSERT INTO `sys_timetable` VALUES (1891, 65, 20061106, 1029, 200609, '第二学期', 1, 4);
INSERT INTO `sys_timetable` VALUES (1892, 73, 20061107, 1047, 200610, '第二学期', 2, 7);
INSERT INTO `sys_timetable` VALUES (1893, 82, 20061107, 1066, 200606, '第二学期', 5, 2);
INSERT INTO `sys_timetable` VALUES (1894, 53, 20061107, 1063, 200605, '第二学期', 6, 2);
INSERT INTO `sys_timetable` VALUES (1895, 4, 20061107, 1052, 200604, '第二学期', 2, 7);
INSERT INTO `sys_timetable` VALUES (1896, 22, 20061107, 1024, 200604, '第二学期', 6, 5);
INSERT INTO `sys_timetable` VALUES (1897, 83, 20061107, 1003, 200602, '第二学期', 4, 4);
INSERT INTO `sys_timetable` VALUES (1898, 69, 20061107, 1070, 200612, '第二学期', 5, 5);
INSERT INTO `sys_timetable` VALUES (1899, 20, 20061107, 1031, 200601, '第二学期', 4, 1);
INSERT INTO `sys_timetable` VALUES (1900, 74, 20061107, 1032, 200610, '第二学期', 6, 4);
INSERT INTO `sys_timetable` VALUES (1901, 46, 20061107, 1067, 200613, '第二学期', 2, 4);
INSERT INTO `sys_timetable` VALUES (1902, 35, 20061107, 1031, 200608, '第二学期', 3, 3);
INSERT INTO `sys_timetable` VALUES (1903, 62, 20061107, 1002, 200603, '第二学期', 2, 5);
INSERT INTO `sys_timetable` VALUES (1904, 85, 20061108, 1044, 200609, '第二学期', 4, 2);
INSERT INTO `sys_timetable` VALUES (1905, 32, 20061108, 1030, 200613, '第二学期', 1, 6);
INSERT INTO `sys_timetable` VALUES (1906, 81, 20061108, 1023, 200603, '第二学期', 4, 4);
INSERT INTO `sys_timetable` VALUES (1907, 8, 20061108, 1018, 200603, '第二学期', 4, 6);
INSERT INTO `sys_timetable` VALUES (1908, 43, 20061108, 1004, 200603, '第二学期', 3, 4);
INSERT INTO `sys_timetable` VALUES (1909, 18, 20061108, 1023, 200602, '第二学期', 6, 2);
INSERT INTO `sys_timetable` VALUES (1910, 16, 20061108, 1002, 200613, '第二学期', 3, 4);
INSERT INTO `sys_timetable` VALUES (1911, 85, 20061108, 1059, 200609, '第二学期', 1, 1);
INSERT INTO `sys_timetable` VALUES (1912, 38, 20061108, 1028, 200609, '第二学期', 6, 6);
INSERT INTO `sys_timetable` VALUES (1913, 52, 20061108, 1009, 200605, '第二学期', 5, 4);
INSERT INTO `sys_timetable` VALUES (1914, 54, 20061108, 1002, 200607, '第二学期', 6, 3);
INSERT INTO `sys_timetable` VALUES (1915, 44, 20061108, 1037, 200614, '第二学期', 5, 2);
INSERT INTO `sys_timetable` VALUES (1916, 77, 20061109, 1082, 200611, '第二学期', 2, 5);
INSERT INTO `sys_timetable` VALUES (1917, 73, 20061109, 1051, 200602, '第二学期', 3, 4);
INSERT INTO `sys_timetable` VALUES (1918, 15, 20061109, 1084, 200609, '第二学期', 6, 6);
INSERT INTO `sys_timetable` VALUES (1919, 53, 20061109, 1081, 200612, '第二学期', 4, 6);
INSERT INTO `sys_timetable` VALUES (1920, 34, 20061109, 1040, 200604, '第二学期', 6, 2);
INSERT INTO `sys_timetable` VALUES (1921, 34, 20061109, 1030, 200606, '第二学期', 5, 5);
INSERT INTO `sys_timetable` VALUES (1922, 30, 20061109, 1020, 200605, '第二学期', 1, 5);
INSERT INTO `sys_timetable` VALUES (1923, 5, 20061109, 1001, 200611, '第二学期', 4, 2);
INSERT INTO `sys_timetable` VALUES (1924, 49, 20061109, 1054, 200613, '第二学期', 6, 4);
INSERT INTO `sys_timetable` VALUES (1925, 30, 20061109, 1013, 200612, '第二学期', 4, 3);
INSERT INTO `sys_timetable` VALUES (1926, 25, 20061109, 1071, 200612, '第二学期', 2, 2);
INSERT INTO `sys_timetable` VALUES (1927, 63, 20061109, 1079, 200604, '第二学期', 1, 2);
INSERT INTO `sys_timetable` VALUES (1928, 70, 20061110, 1001, 200614, '第二学期', 1, 6);
INSERT INTO `sys_timetable` VALUES (1929, 67, 20061110, 1076, 200609, '第二学期', 1, 4);
INSERT INTO `sys_timetable` VALUES (1930, 17, 20061110, 1073, 200614, '第二学期', 3, 1);
INSERT INTO `sys_timetable` VALUES (1931, 86, 20061110, 1056, 200612, '第二学期', 3, 1);
INSERT INTO `sys_timetable` VALUES (1932, 78, 20061110, 1058, 200601, '第二学期', 2, 6);
INSERT INTO `sys_timetable` VALUES (1933, 12, 20061110, 1069, 200607, '第二学期', 4, 1);
INSERT INTO `sys_timetable` VALUES (1934, 43, 20061110, 1029, 200611, '第二学期', 4, 2);
INSERT INTO `sys_timetable` VALUES (1935, 77, 20061110, 1035, 200605, '第二学期', 6, 5);
INSERT INTO `sys_timetable` VALUES (1936, 86, 20061110, 1041, 200607, '第二学期', 5, 2);
INSERT INTO `sys_timetable` VALUES (1937, 45, 20061110, 1043, 200609, '第二学期', 5, 3);
INSERT INTO `sys_timetable` VALUES (1938, 33, 20061110, 1010, 200613, '第二学期', 5, 4);
INSERT INTO `sys_timetable` VALUES (1939, 7, 20061110, 1023, 200607, '第二学期', 6, 3);
INSERT INTO `sys_timetable` VALUES (1940, 12, 20061112, 1078, 200611, '第二学期', 2, 3);
INSERT INTO `sys_timetable` VALUES (1941, 12, 20061114, 1005, 200603, '第二学期', 1, 7);
INSERT INTO `sys_timetable` VALUES (1942, 49, 20061111, 1036, 200614, '第三学期', 2, 1);
INSERT INTO `sys_timetable` VALUES (1943, 46, 20061111, 1074, 200609, '第三学期', 5, 6);
INSERT INTO `sys_timetable` VALUES (1944, 79, 20061111, 1063, 200610, '第三学期', 3, 6);
INSERT INTO `sys_timetable` VALUES (1945, 32, 20061111, 1010, 200603, '第三学期', 2, 6);
INSERT INTO `sys_timetable` VALUES (1946, 55, 20061111, 1050, 200601, '第三学期', 4, 6);
INSERT INTO `sys_timetable` VALUES (1947, 45, 20061111, 1041, 200613, '第三学期', 5, 3);
INSERT INTO `sys_timetable` VALUES (1948, 68, 20061111, 1075, 200605, '第三学期', 6, 1);
INSERT INTO `sys_timetable` VALUES (1949, 62, 20061111, 1035, 200609, '第三学期', 5, 7);
INSERT INTO `sys_timetable` VALUES (1950, 58, 20061111, 1002, 200601, '第三学期', 6, 3);
INSERT INTO `sys_timetable` VALUES (1951, 80, 20061111, 1069, 200612, '第三学期', 3, 4);
INSERT INTO `sys_timetable` VALUES (1952, 70, 20061111, 1044, 200614, '第三学期', 5, 1);
INSERT INTO `sys_timetable` VALUES (1953, 66, 20061111, 1057, 200613, '第三学期', 5, 6);
INSERT INTO `sys_timetable` VALUES (1954, 65, 20061112, 1072, 200601, '第三学期', 5, 7);
INSERT INTO `sys_timetable` VALUES (1955, 17, 20061112, 1083, 200612, '第三学期', 2, 2);
INSERT INTO `sys_timetable` VALUES (1956, 30, 20061112, 1012, 200613, '第三学期', 5, 2);
INSERT INTO `sys_timetable` VALUES (1957, 4, 20061112, 1023, 200611, '第三学期', 2, 7);
INSERT INTO `sys_timetable` VALUES (1958, 10, 20061112, 1009, 200603, '第三学期', 3, 5);
INSERT INTO `sys_timetable` VALUES (1959, 44, 20061112, 1042, 200602, '第三学期', 4, 5);
INSERT INTO `sys_timetable` VALUES (1960, 70, 20061112, 1016, 200613, '第三学期', 1, 6);
INSERT INTO `sys_timetable` VALUES (1961, 1, 20061112, 1069, 200607, '第三学期', 5, 4);
INSERT INTO `sys_timetable` VALUES (1962, 60, 20061112, 1016, 200603, '第三学期', 2, 7);
INSERT INTO `sys_timetable` VALUES (1963, 6, 20061112, 1079, 200608, '第三学期', 5, 3);
INSERT INTO `sys_timetable` VALUES (1964, 35, 20061112, 1070, 200609, '第三学期', 2, 3);
INSERT INTO `sys_timetable` VALUES (1965, 61, 20061112, 1025, 200610, '第三学期', 5, 4);
INSERT INTO `sys_timetable` VALUES (1966, 86, 20061113, 1031, 200605, '第三学期', 2, 5);
INSERT INTO `sys_timetable` VALUES (1967, 47, 20061113, 1078, 200609, '第三学期', 1, 3);
INSERT INTO `sys_timetable` VALUES (1968, 30, 20061113, 1085, 200603, '第三学期', 6, 2);
INSERT INTO `sys_timetable` VALUES (1969, 54, 20061113, 1083, 200604, '第三学期', 3, 2);
INSERT INTO `sys_timetable` VALUES (1970, 13, 20061113, 1046, 200608, '第三学期', 6, 2);
INSERT INTO `sys_timetable` VALUES (1971, 79, 20061113, 1045, 200607, '第三学期', 4, 2);
INSERT INTO `sys_timetable` VALUES (1972, 58, 20061113, 1053, 200608, '第三学期', 4, 4);
INSERT INTO `sys_timetable` VALUES (1973, 66, 20061113, 1053, 200603, '第三学期', 2, 2);
INSERT INTO `sys_timetable` VALUES (1974, 85, 20061113, 1063, 200604, '第三学期', 4, 4);
INSERT INTO `sys_timetable` VALUES (1975, 2, 20061113, 1013, 200613, '第三学期', 6, 2);
INSERT INTO `sys_timetable` VALUES (1976, 81, 20061113, 1069, 200607, '第三学期', 6, 4);
INSERT INTO `sys_timetable` VALUES (1977, 6, 20061113, 1067, 200614, '第三学期', 5, 2);
INSERT INTO `sys_timetable` VALUES (1978, 50, 20061114, 1002, 200608, '第三学期', 3, 7);
INSERT INTO `sys_timetable` VALUES (1979, 69, 20061114, 1054, 200602, '第三学期', 2, 6);
INSERT INTO `sys_timetable` VALUES (1980, 80, 20061114, 1023, 200612, '第三学期', 4, 7);
INSERT INTO `sys_timetable` VALUES (1981, 15, 20061114, 1004, 200609, '第三学期', 5, 6);
INSERT INTO `sys_timetable` VALUES (1982, 64, 20061114, 1080, 200606, '第三学期', 4, 4);
INSERT INTO `sys_timetable` VALUES (1983, 24, 20061114, 1080, 200601, '第三学期', 2, 4);
INSERT INTO `sys_timetable` VALUES (1984, 12, 20061114, 1073, 200609, '第三学期', 2, 6);
INSERT INTO `sys_timetable` VALUES (1985, 48, 20061114, 1026, 200611, '第三学期', 2, 2);
INSERT INTO `sys_timetable` VALUES (1986, 33, 20061114, 1004, 200608, '第三学期', 4, 3);
INSERT INTO `sys_timetable` VALUES (1987, 32, 20061114, 1030, 200604, '第三学期', 6, 4);
INSERT INTO `sys_timetable` VALUES (1988, 39, 20061114, 1047, 200609, '第三学期', 2, 3);
INSERT INTO `sys_timetable` VALUES (1989, 36, 20061114, 1017, 200602, '第三学期', 1, 7);
INSERT INTO `sys_timetable` VALUES (1990, 42, 20061115, 1012, 200602, '第三学期', 5, 5);
INSERT INTO `sys_timetable` VALUES (1991, 83, 20061115, 1008, 200610, '第三学期', 3, 5);
INSERT INTO `sys_timetable` VALUES (1992, 16, 20061115, 1064, 200602, '第三学期', 6, 3);
INSERT INTO `sys_timetable` VALUES (1993, 3, 20061115, 1064, 200605, '第三学期', 6, 7);
INSERT INTO `sys_timetable` VALUES (1994, 86, 20061115, 1001, 200606, '第三学期', 4, 3);
INSERT INTO `sys_timetable` VALUES (1995, 35, 20061115, 1067, 200605, '第三学期', 6, 1);
INSERT INTO `sys_timetable` VALUES (1996, 52, 20061115, 1028, 200609, '第三学期', 5, 2);
INSERT INTO `sys_timetable` VALUES (1997, 68, 20061115, 1024, 200602, '第三学期', 1, 2);
INSERT INTO `sys_timetable` VALUES (1998, 19, 20061115, 1078, 200608, '第三学期', 1, 4);
INSERT INTO `sys_timetable` VALUES (1999, 55, 20061115, 1083, 200608, '第三学期', 5, 1);
INSERT INTO `sys_timetable` VALUES (2000, 20, 20061115, 1021, 200606, '第三学期', 6, 3);
INSERT INTO `sys_timetable` VALUES (2001, 44, 20061115, 1021, 200606, '第三学期', 3, 6);
INSERT INTO `sys_timetable` VALUES (2002, 18, 20061116, 1085, 200611, '第三学期', 4, 1);
INSERT INTO `sys_timetable` VALUES (2003, 39, 20061116, 1042, 200609, '第三学期', 6, 4);
INSERT INTO `sys_timetable` VALUES (2004, 13, 20061116, 1040, 200604, '第三学期', 2, 2);
INSERT INTO `sys_timetable` VALUES (2005, 20, 20061116, 1062, 200611, '第三学期', 5, 7);
INSERT INTO `sys_timetable` VALUES (2006, 13, 20061116, 1077, 200613, '第三学期', 2, 5);
INSERT INTO `sys_timetable` VALUES (2007, 63, 20061116, 1085, 200612, '第三学期', 6, 2);
INSERT INTO `sys_timetable` VALUES (2008, 57, 20061116, 1053, 200608, '第三学期', 5, 2);
INSERT INTO `sys_timetable` VALUES (2009, 43, 20061116, 1072, 200613, '第三学期', 2, 7);
INSERT INTO `sys_timetable` VALUES (2010, 72, 20061116, 1045, 200607, '第三学期', 2, 4);
INSERT INTO `sys_timetable` VALUES (2011, 68, 20061116, 1005, 200602, '第三学期', 6, 1);
INSERT INTO `sys_timetable` VALUES (2012, 4, 20061116, 1005, 200614, '第三学期', 5, 3);
INSERT INTO `sys_timetable` VALUES (2013, 24, 20061116, 1032, 200609, '第三学期', 6, 7);
INSERT INTO `sys_timetable` VALUES (2014, 71, 20061117, 1025, 200611, '第三学期', 1, 5);
INSERT INTO `sys_timetable` VALUES (2015, 74, 20061117, 1059, 200605, '第三学期', 2, 7);
INSERT INTO `sys_timetable` VALUES (2016, 22, 20061117, 1066, 200613, '第三学期', 3, 5);
INSERT INTO `sys_timetable` VALUES (2017, 61, 20061117, 1029, 200614, '第三学期', 4, 6);
INSERT INTO `sys_timetable` VALUES (2018, 75, 20061117, 1031, 200606, '第三学期', 4, 2);
INSERT INTO `sys_timetable` VALUES (2019, 4, 20061117, 1034, 200610, '第三学期', 1, 3);
INSERT INTO `sys_timetable` VALUES (2020, 10, 20061117, 1037, 200606, '第三学期', 1, 5);
INSERT INTO `sys_timetable` VALUES (2021, 10, 20061117, 1074, 200606, '第三学期', 1, 5);
INSERT INTO `sys_timetable` VALUES (2022, 27, 20061117, 1015, 200612, '第三学期', 2, 4);
INSERT INTO `sys_timetable` VALUES (2023, 69, 20061117, 1035, 200602, '第三学期', 1, 5);
INSERT INTO `sys_timetable` VALUES (2024, 72, 20061117, 1039, 200604, '第三学期', 5, 4);
INSERT INTO `sys_timetable` VALUES (2025, 4, 20061117, 1025, 200612, '第三学期', 1, 7);
INSERT INTO `sys_timetable` VALUES (2026, 39, 20061118, 1066, 200604, '第三学期', 1, 2);
INSERT INTO `sys_timetable` VALUES (2027, 64, 20061118, 1050, 200612, '第三学期', 2, 5);
INSERT INTO `sys_timetable` VALUES (2028, 75, 20061118, 1035, 200613, '第三学期', 3, 2);
INSERT INTO `sys_timetable` VALUES (2029, 72, 20061118, 1049, 200604, '第三学期', 1, 4);
INSERT INTO `sys_timetable` VALUES (2030, 70, 20061118, 1084, 200604, '第三学期', 2, 4);
INSERT INTO `sys_timetable` VALUES (2031, 25, 20061118, 1016, 200610, '第三学期', 2, 7);
INSERT INTO `sys_timetable` VALUES (2032, 51, 20061118, 1071, 200601, '第三学期', 6, 6);
INSERT INTO `sys_timetable` VALUES (2033, 24, 20061118, 1082, 200608, '第三学期', 6, 1);
INSERT INTO `sys_timetable` VALUES (2034, 73, 20061118, 1067, 200612, '第三学期', 4, 5);
INSERT INTO `sys_timetable` VALUES (2035, 14, 20061118, 1011, 200610, '第三学期', 3, 3);
INSERT INTO `sys_timetable` VALUES (2036, 86, 20061118, 1005, 200601, '第三学期', 5, 7);
INSERT INTO `sys_timetable` VALUES (2037, 45, 20061118, 1049, 200601, '第三学期', 2, 1);
INSERT INTO `sys_timetable` VALUES (2038, 21, 20061119, 1028, 200605, '第三学期', 3, 1);
INSERT INTO `sys_timetable` VALUES (2039, 8, 20061119, 1033, 200613, '第三学期', 1, 5);
INSERT INTO `sys_timetable` VALUES (2040, 75, 20061119, 1084, 200612, '第三学期', 3, 2);
INSERT INTO `sys_timetable` VALUES (2041, 29, 20061119, 1055, 200609, '第三学期', 4, 6);
INSERT INTO `sys_timetable` VALUES (2042, 22, 20061119, 1060, 200604, '第三学期', 3, 3);
INSERT INTO `sys_timetable` VALUES (2043, 58, 20061119, 1041, 200610, '第三学期', 2, 3);
INSERT INTO `sys_timetable` VALUES (2044, 73, 20061119, 1057, 200607, '第三学期', 5, 2);
INSERT INTO `sys_timetable` VALUES (2045, 31, 20061119, 1017, 200609, '第三学期', 2, 6);
INSERT INTO `sys_timetable` VALUES (2046, 77, 20061119, 1030, 200612, '第三学期', 4, 2);
INSERT INTO `sys_timetable` VALUES (2047, 16, 20061119, 1066, 200606, '第三学期', 5, 4);
INSERT INTO `sys_timetable` VALUES (2048, 85, 20061119, 1078, 200605, '第三学期', 5, 7);
INSERT INTO `sys_timetable` VALUES (2049, 10, 20061119, 1050, 200610, '第三学期', 2, 7);
INSERT INTO `sys_timetable` VALUES (2050, 53, 20061120, 1076, 200608, '第三学期', 2, 7);
INSERT INTO `sys_timetable` VALUES (2051, 12, 20061120, 1060, 200607, '第三学期', 1, 1);
INSERT INTO `sys_timetable` VALUES (2052, 70, 20061120, 1082, 200613, '第三学期', 2, 4);
INSERT INTO `sys_timetable` VALUES (2053, 34, 20061120, 1024, 200605, '第三学期', 5, 3);
INSERT INTO `sys_timetable` VALUES (2054, 59, 20061120, 1057, 200610, '第三学期', 4, 6);
INSERT INTO `sys_timetable` VALUES (2055, 3, 20061120, 1029, 200614, '第三学期', 3, 4);
INSERT INTO `sys_timetable` VALUES (2056, 54, 20061120, 1035, 200603, '第三学期', 2, 7);
INSERT INTO `sys_timetable` VALUES (2057, 44, 20061120, 1068, 200609, '第三学期', 6, 6);
INSERT INTO `sys_timetable` VALUES (2058, 40, 20061120, 1024, 200606, '第三学期', 3, 1);
INSERT INTO `sys_timetable` VALUES (2059, 64, 20061120, 1044, 200609, '第三学期', 2, 3);
INSERT INTO `sys_timetable` VALUES (2060, 10, 20061120, 1011, 200614, '第三学期', 2, 2);
INSERT INTO `sys_timetable` VALUES (2061, 4, 20061120, 1085, 200611, '第三学期', 1, 7);
INSERT INTO `sys_timetable` VALUES (2062, 54, 20061101, 1048, 200609, '第三学期', 1, 2);
INSERT INTO `sys_timetable` VALUES (2063, 39, 20061101, 1002, 200612, '第三学期', 3, 7);
INSERT INTO `sys_timetable` VALUES (2064, 56, 20061101, 1027, 200611, '第三学期', 3, 6);
INSERT INTO `sys_timetable` VALUES (2065, 36, 20061101, 1083, 200611, '第三学期', 5, 4);
INSERT INTO `sys_timetable` VALUES (2066, 16, 20061101, 1002, 200606, '第三学期', 5, 1);
INSERT INTO `sys_timetable` VALUES (2067, 38, 20061101, 1082, 200607, '第三学期', 2, 7);
INSERT INTO `sys_timetable` VALUES (2068, 42, 20061101, 1059, 200601, '第三学期', 5, 5);
INSERT INTO `sys_timetable` VALUES (2069, 55, 20061101, 1073, 200612, '第三学期', 3, 1);
INSERT INTO `sys_timetable` VALUES (2070, 30, 20061101, 1014, 200606, '第三学期', 5, 7);
INSERT INTO `sys_timetable` VALUES (2071, 5, 20061101, 1039, 200613, '第三学期', 1, 1);
INSERT INTO `sys_timetable` VALUES (2072, 48, 20061101, 1085, 200604, '第三学期', 3, 4);
INSERT INTO `sys_timetable` VALUES (2073, 40, 20061101, 1010, 200609, '第三学期', 5, 5);
INSERT INTO `sys_timetable` VALUES (2074, 28, 20061102, 1005, 200614, '第三学期', 6, 2);
INSERT INTO `sys_timetable` VALUES (2075, 45, 20061102, 1037, 200602, '第三学期', 5, 4);
INSERT INTO `sys_timetable` VALUES (2076, 60, 20061102, 1033, 200613, '第三学期', 2, 4);
INSERT INTO `sys_timetable` VALUES (2077, 59, 20061102, 1002, 200614, '第三学期', 1, 3);
INSERT INTO `sys_timetable` VALUES (2078, 34, 20061102, 1011, 200614, '第三学期', 4, 3);
INSERT INTO `sys_timetable` VALUES (2079, 35, 20061102, 1029, 200605, '第三学期', 6, 2);
INSERT INTO `sys_timetable` VALUES (2080, 2, 20061102, 1014, 200602, '第三学期', 3, 3);
INSERT INTO `sys_timetable` VALUES (2081, 53, 20061102, 1001, 200612, '第三学期', 4, 4);
INSERT INTO `sys_timetable` VALUES (2082, 33, 20061102, 1004, 200614, '第三学期', 4, 5);
INSERT INTO `sys_timetable` VALUES (2083, 44, 20061102, 1066, 200604, '第三学期', 1, 6);
INSERT INTO `sys_timetable` VALUES (2084, 22, 20061102, 1046, 200602, '第三学期', 2, 1);
INSERT INTO `sys_timetable` VALUES (2085, 69, 20061102, 1031, 200606, '第三学期', 3, 4);
INSERT INTO `sys_timetable` VALUES (2086, 28, 20061103, 1074, 200609, '第三学期', 3, 2);
INSERT INTO `sys_timetable` VALUES (2087, 77, 20061103, 1040, 200608, '第三学期', 6, 5);
INSERT INTO `sys_timetable` VALUES (2088, 35, 20061103, 1061, 200614, '第三学期', 2, 7);
INSERT INTO `sys_timetable` VALUES (2089, 18, 20061103, 1058, 200612, '第三学期', 1, 6);
INSERT INTO `sys_timetable` VALUES (2090, 77, 20061103, 1024, 200611, '第三学期', 3, 6);
INSERT INTO `sys_timetable` VALUES (2091, 61, 20061103, 1085, 200604, '第三学期', 6, 5);
INSERT INTO `sys_timetable` VALUES (2092, 72, 20061103, 1081, 200607, '第三学期', 1, 7);
INSERT INTO `sys_timetable` VALUES (2093, 56, 20061103, 1036, 200614, '第三学期', 3, 3);
INSERT INTO `sys_timetable` VALUES (2094, 4, 20061103, 1009, 200607, '第三学期', 1, 3);
INSERT INTO `sys_timetable` VALUES (2095, 23, 20061103, 1020, 200614, '第三学期', 6, 2);
INSERT INTO `sys_timetable` VALUES (2096, 15, 20061103, 1058, 200614, '第三学期', 2, 2);
INSERT INTO `sys_timetable` VALUES (2097, 71, 20061103, 1007, 200609, '第三学期', 3, 4);
INSERT INTO `sys_timetable` VALUES (2098, 20, 20061104, 1053, 200614, '第三学期', 4, 1);
INSERT INTO `sys_timetable` VALUES (2099, 36, 20061104, 1062, 200609, '第三学期', 2, 3);
INSERT INTO `sys_timetable` VALUES (2100, 56, 20061104, 1065, 200607, '第三学期', 5, 2);
INSERT INTO `sys_timetable` VALUES (2101, 71, 20061104, 1076, 200602, '第三学期', 1, 1);
INSERT INTO `sys_timetable` VALUES (2102, 22, 20061104, 1037, 200609, '第三学期', 6, 5);
INSERT INTO `sys_timetable` VALUES (2103, 53, 20061104, 1038, 200609, '第三学期', 1, 4);
INSERT INTO `sys_timetable` VALUES (2104, 9, 20061104, 1003, 200605, '第三学期', 5, 7);
INSERT INTO `sys_timetable` VALUES (2105, 36, 20061104, 1030, 200613, '第三学期', 5, 6);
INSERT INTO `sys_timetable` VALUES (2106, 17, 20061104, 1010, 200605, '第三学期', 2, 1);
INSERT INTO `sys_timetable` VALUES (2107, 79, 20061104, 1036, 200605, '第三学期', 1, 6);
INSERT INTO `sys_timetable` VALUES (2108, 81, 20061104, 1070, 200604, '第三学期', 2, 5);
INSERT INTO `sys_timetable` VALUES (2109, 30, 20061104, 1006, 200613, '第三学期', 5, 5);
INSERT INTO `sys_timetable` VALUES (2110, 74, 20061105, 1068, 200610, '第三学期', 3, 1);
INSERT INTO `sys_timetable` VALUES (2111, 22, 20061105, 1053, 200604, '第三学期', 3, 2);
INSERT INTO `sys_timetable` VALUES (2112, 73, 20061105, 1048, 200613, '第三学期', 5, 3);
INSERT INTO `sys_timetable` VALUES (2113, 23, 20061105, 1077, 200604, '第三学期', 4, 7);
INSERT INTO `sys_timetable` VALUES (2114, 20, 20061105, 1030, 200610, '第三学期', 1, 1);
INSERT INTO `sys_timetable` VALUES (2115, 14, 20061105, 1044, 200605, '第三学期', 1, 4);
INSERT INTO `sys_timetable` VALUES (2116, 46, 20061105, 1057, 200611, '第三学期', 1, 5);
INSERT INTO `sys_timetable` VALUES (2117, 76, 20061105, 1007, 200605, '第三学期', 2, 3);
INSERT INTO `sys_timetable` VALUES (2118, 21, 20061105, 1046, 200603, '第三学期', 1, 5);
INSERT INTO `sys_timetable` VALUES (2119, 81, 20061105, 1010, 200603, '第三学期', 6, 5);
INSERT INTO `sys_timetable` VALUES (2120, 33, 20061105, 1034, 200609, '第三学期', 5, 2);
INSERT INTO `sys_timetable` VALUES (2121, 41, 20061105, 1016, 200601, '第三学期', 1, 2);
INSERT INTO `sys_timetable` VALUES (2122, 2, 20061106, 1061, 200611, '第三学期', 5, 2);
INSERT INTO `sys_timetable` VALUES (2123, 34, 20061106, 1034, 200603, '第三学期', 2, 2);
INSERT INTO `sys_timetable` VALUES (2124, 17, 20061106, 1064, 200603, '第三学期', 3, 6);
INSERT INTO `sys_timetable` VALUES (2125, 23, 20061106, 1082, 200603, '第三学期', 2, 4);
INSERT INTO `sys_timetable` VALUES (2126, 27, 20061106, 1046, 200611, '第三学期', 4, 6);
INSERT INTO `sys_timetable` VALUES (2127, 11, 20061106, 1025, 200605, '第三学期', 4, 5);
INSERT INTO `sys_timetable` VALUES (2128, 44, 20061106, 1028, 200611, '第三学期', 1, 3);
INSERT INTO `sys_timetable` VALUES (2129, 33, 20061106, 1019, 200614, '第三学期', 3, 3);
INSERT INTO `sys_timetable` VALUES (2130, 67, 20061106, 1068, 200607, '第三学期', 5, 6);
INSERT INTO `sys_timetable` VALUES (2131, 64, 20061106, 1084, 200610, '第三学期', 5, 2);
INSERT INTO `sys_timetable` VALUES (2132, 78, 20061106, 1079, 200614, '第三学期', 5, 7);
INSERT INTO `sys_timetable` VALUES (2133, 69, 20061106, 1029, 200604, '第三学期', 2, 6);
INSERT INTO `sys_timetable` VALUES (2134, 66, 20061107, 1054, 200604, '第三学期', 3, 3);
INSERT INTO `sys_timetable` VALUES (2135, 56, 20061107, 1012, 200605, '第三学期', 4, 7);
INSERT INTO `sys_timetable` VALUES (2136, 3, 20061107, 1082, 200608, '第三学期', 6, 6);
INSERT INTO `sys_timetable` VALUES (2137, 37, 20061107, 1070, 200607, '第三学期', 6, 3);
INSERT INTO `sys_timetable` VALUES (2138, 32, 20061107, 1080, 200612, '第三学期', 2, 3);
INSERT INTO `sys_timetable` VALUES (2139, 57, 20061107, 1047, 200610, '第三学期', 4, 1);
INSERT INTO `sys_timetable` VALUES (2140, 69, 20061107, 1041, 200611, '第三学期', 6, 6);
INSERT INTO `sys_timetable` VALUES (2141, 34, 20061107, 1025, 200614, '第三学期', 5, 2);
INSERT INTO `sys_timetable` VALUES (2142, 62, 20061107, 1042, 200601, '第三学期', 4, 1);
INSERT INTO `sys_timetable` VALUES (2143, 70, 20061107, 1082, 200605, '第三学期', 4, 6);
INSERT INTO `sys_timetable` VALUES (2144, 59, 20061107, 1021, 200605, '第三学期', 2, 3);
INSERT INTO `sys_timetable` VALUES (2145, 21, 20061107, 1066, 200611, '第三学期', 6, 4);
INSERT INTO `sys_timetable` VALUES (2146, 54, 20061108, 1055, 200608, '第三学期', 1, 1);
INSERT INTO `sys_timetable` VALUES (2147, 69, 20061108, 1056, 200612, '第三学期', 2, 5);
INSERT INTO `sys_timetable` VALUES (2148, 39, 20061108, 1056, 200609, '第三学期', 6, 6);
INSERT INTO `sys_timetable` VALUES (2149, 53, 20061108, 1056, 200604, '第三学期', 3, 4);
INSERT INTO `sys_timetable` VALUES (2150, 74, 20061108, 1052, 200606, '第三学期', 5, 1);
INSERT INTO `sys_timetable` VALUES (2151, 61, 20061108, 1070, 200611, '第三学期', 5, 1);
INSERT INTO `sys_timetable` VALUES (2152, 61, 20061108, 1083, 200612, '第三学期', 1, 1);
INSERT INTO `sys_timetable` VALUES (2153, 54, 20061108, 1067, 200602, '第三学期', 2, 1);
INSERT INTO `sys_timetable` VALUES (2154, 7, 20061108, 1064, 200614, '第三学期', 6, 1);
INSERT INTO `sys_timetable` VALUES (2155, 82, 20061108, 1006, 200607, '第三学期', 4, 3);
INSERT INTO `sys_timetable` VALUES (2156, 7, 20061108, 1045, 200609, '第三学期', 3, 6);
INSERT INTO `sys_timetable` VALUES (2157, 36, 20061108, 1059, 200613, '第三学期', 4, 4);
INSERT INTO `sys_timetable` VALUES (2158, 28, 20061109, 1015, 200604, '第三学期', 1, 5);
INSERT INTO `sys_timetable` VALUES (2159, 36, 20061109, 1076, 200611, '第三学期', 6, 1);
INSERT INTO `sys_timetable` VALUES (2160, 81, 20061109, 1046, 200612, '第三学期', 1, 2);
INSERT INTO `sys_timetable` VALUES (2161, 68, 20061109, 1055, 200609, '第三学期', 2, 6);
INSERT INTO `sys_timetable` VALUES (2162, 35, 20061109, 1032, 200604, '第三学期', 1, 1);
INSERT INTO `sys_timetable` VALUES (2163, 65, 20061109, 1008, 200612, '第三学期', 3, 1);
INSERT INTO `sys_timetable` VALUES (2164, 79, 20061109, 1069, 200613, '第三学期', 3, 5);
INSERT INTO `sys_timetable` VALUES (2165, 5, 20061109, 1030, 200613, '第三学期', 4, 5);
INSERT INTO `sys_timetable` VALUES (2166, 55, 20061109, 1082, 200610, '第三学期', 3, 2);
INSERT INTO `sys_timetable` VALUES (2167, 60, 20061109, 1026, 200609, '第三学期', 4, 2);
INSERT INTO `sys_timetable` VALUES (2168, 43, 20061109, 1079, 200605, '第三学期', 5, 5);
INSERT INTO `sys_timetable` VALUES (2169, 48, 20061109, 1012, 200607, '第三学期', 5, 5);
INSERT INTO `sys_timetable` VALUES (2170, 12, 20061110, 1064, 200611, '第三学期', 4, 5);
INSERT INTO `sys_timetable` VALUES (2171, 52, 20061110, 1034, 200614, '第三学期', 1, 1);
INSERT INTO `sys_timetable` VALUES (2172, 29, 20061110, 1047, 200606, '第三学期', 2, 3);
INSERT INTO `sys_timetable` VALUES (2173, 23, 20061110, 1021, 200602, '第三学期', 4, 3);
INSERT INTO `sys_timetable` VALUES (2174, 75, 20061110, 1028, 200608, '第三学期', 3, 5);
INSERT INTO `sys_timetable` VALUES (2175, 84, 20061110, 1006, 200611, '第三学期', 4, 7);
INSERT INTO `sys_timetable` VALUES (2176, 78, 20061110, 1047, 200611, '第三学期', 5, 3);
INSERT INTO `sys_timetable` VALUES (2177, 8, 20061110, 1017, 200606, '第三学期', 3, 3);
INSERT INTO `sys_timetable` VALUES (2178, 73, 20061110, 1080, 200609, '第三学期', 3, 4);
INSERT INTO `sys_timetable` VALUES (2179, 63, 20061110, 1062, 200612, '第三学期', 1, 7);
INSERT INTO `sys_timetable` VALUES (2180, 62, 20061110, 1003, 200602, '第三学期', 5, 4);
INSERT INTO `sys_timetable` VALUES (2181, 65, 20061110, 1013, 200614, '第三学期', 1, 6);
INSERT INTO `sys_timetable` VALUES (2182, 29, 20061111, 1024, 200605, '第四学期', 3, 7);
INSERT INTO `sys_timetable` VALUES (2183, 82, 20061111, 1034, 200607, '第四学期', 3, 4);
INSERT INTO `sys_timetable` VALUES (2184, 76, 20061111, 1008, 200611, '第四学期', 3, 6);
INSERT INTO `sys_timetable` VALUES (2185, 41, 20061111, 1082, 200612, '第四学期', 3, 3);
INSERT INTO `sys_timetable` VALUES (2186, 5, 20061111, 1065, 200610, '第四学期', 2, 7);
INSERT INTO `sys_timetable` VALUES (2187, 84, 20061111, 1038, 200607, '第四学期', 6, 2);
INSERT INTO `sys_timetable` VALUES (2188, 17, 20061111, 1010, 200609, '第四学期', 5, 4);
INSERT INTO `sys_timetable` VALUES (2189, 3, 20061111, 1016, 200602, '第四学期', 6, 6);
INSERT INTO `sys_timetable` VALUES (2190, 36, 20061111, 1054, 200601, '第四学期', 4, 1);
INSERT INTO `sys_timetable` VALUES (2191, 30, 20061111, 1037, 200606, '第四学期', 2, 1);
INSERT INTO `sys_timetable` VALUES (2192, 78, 20061111, 1039, 200609, '第四学期', 1, 1);
INSERT INTO `sys_timetable` VALUES (2193, 79, 20061111, 1071, 200607, '第四学期', 5, 2);
INSERT INTO `sys_timetable` VALUES (2194, 1, 20061112, 1044, 200609, '第四学期', 1, 6);
INSERT INTO `sys_timetable` VALUES (2195, 40, 20061112, 1026, 200611, '第四学期', 3, 5);
INSERT INTO `sys_timetable` VALUES (2196, 81, 20061112, 1030, 200601, '第四学期', 2, 7);
INSERT INTO `sys_timetable` VALUES (2197, 71, 20061112, 1039, 200614, '第四学期', 3, 5);
INSERT INTO `sys_timetable` VALUES (2198, 85, 20061112, 1037, 200602, '第四学期', 1, 2);
INSERT INTO `sys_timetable` VALUES (2199, 37, 20061112, 1008, 200612, '第四学期', 5, 5);
INSERT INTO `sys_timetable` VALUES (2200, 26, 20061112, 1077, 200608, '第四学期', 3, 7);
INSERT INTO `sys_timetable` VALUES (2201, 53, 20061112, 1084, 200611, '第四学期', 6, 7);
INSERT INTO `sys_timetable` VALUES (2202, 46, 20061112, 1032, 200601, '第四学期', 2, 2);
INSERT INTO `sys_timetable` VALUES (2203, 22, 20061112, 1036, 200606, '第四学期', 6, 7);
INSERT INTO `sys_timetable` VALUES (2204, 25, 20061112, 1018, 200613, '第四学期', 5, 4);
INSERT INTO `sys_timetable` VALUES (2205, 68, 20061112, 1054, 200609, '第四学期', 5, 1);
INSERT INTO `sys_timetable` VALUES (2206, 71, 20061113, 1077, 200606, '第四学期', 6, 4);
INSERT INTO `sys_timetable` VALUES (2207, 55, 20061113, 1009, 200601, '第四学期', 3, 1);
INSERT INTO `sys_timetable` VALUES (2208, 49, 20061113, 1003, 200609, '第四学期', 1, 4);
INSERT INTO `sys_timetable` VALUES (2209, 19, 20061113, 1074, 200612, '第四学期', 2, 1);
INSERT INTO `sys_timetable` VALUES (2210, 66, 20061113, 1013, 200601, '第四学期', 6, 6);
INSERT INTO `sys_timetable` VALUES (2211, 86, 20061113, 1033, 200601, '第四学期', 6, 2);
INSERT INTO `sys_timetable` VALUES (2212, 82, 20061113, 1003, 200604, '第四学期', 1, 3);
INSERT INTO `sys_timetable` VALUES (2213, 24, 20061113, 1038, 200611, '第四学期', 1, 3);
INSERT INTO `sys_timetable` VALUES (2214, 16, 20061113, 1075, 200605, '第四学期', 5, 1);
INSERT INTO `sys_timetable` VALUES (2215, 9, 20061113, 1083, 200609, '第四学期', 2, 1);
INSERT INTO `sys_timetable` VALUES (2216, 40, 20061113, 1033, 200603, '第四学期', 3, 6);
INSERT INTO `sys_timetable` VALUES (2217, 8, 20061113, 1047, 200605, '第四学期', 2, 6);
INSERT INTO `sys_timetable` VALUES (2218, 3, 20061114, 1066, 200607, '第四学期', 6, 4);
INSERT INTO `sys_timetable` VALUES (2219, 70, 20061114, 1006, 200611, '第四学期', 3, 4);
INSERT INTO `sys_timetable` VALUES (2220, 3, 20061114, 1032, 200603, '第四学期', 6, 4);
INSERT INTO `sys_timetable` VALUES (2221, 4, 20061114, 1061, 200614, '第四学期', 2, 1);
INSERT INTO `sys_timetable` VALUES (2222, 69, 20061114, 1071, 200606, '第四学期', 4, 1);
INSERT INTO `sys_timetable` VALUES (2223, 48, 20061114, 1055, 200613, '第四学期', 1, 5);
INSERT INTO `sys_timetable` VALUES (2224, 8, 20061114, 1057, 200613, '第四学期', 2, 6);
INSERT INTO `sys_timetable` VALUES (2225, 70, 20061114, 1056, 200602, '第四学期', 6, 3);
INSERT INTO `sys_timetable` VALUES (2226, 19, 20061114, 1043, 200612, '第四学期', 4, 1);
INSERT INTO `sys_timetable` VALUES (2227, 30, 20061114, 1063, 200613, '第四学期', 2, 7);
INSERT INTO `sys_timetable` VALUES (2228, 24, 20061114, 1062, 200610, '第四学期', 1, 5);
INSERT INTO `sys_timetable` VALUES (2229, 42, 20061114, 1031, 200614, '第四学期', 6, 7);
INSERT INTO `sys_timetable` VALUES (2230, 28, 20061115, 1065, 200609, '第四学期', 3, 5);
INSERT INTO `sys_timetable` VALUES (2231, 58, 20061115, 1010, 200603, '第四学期', 1, 4);
INSERT INTO `sys_timetable` VALUES (2232, 39, 20061115, 1076, 200608, '第四学期', 6, 3);
INSERT INTO `sys_timetable` VALUES (2233, 34, 20061115, 1084, 200610, '第四学期', 2, 5);
INSERT INTO `sys_timetable` VALUES (2234, 22, 20061115, 1003, 200606, '第四学期', 2, 7);
INSERT INTO `sys_timetable` VALUES (2235, 15, 20061115, 1021, 200611, '第四学期', 5, 4);
INSERT INTO `sys_timetable` VALUES (2236, 37, 20061115, 1077, 200611, '第四学期', 6, 5);
INSERT INTO `sys_timetable` VALUES (2237, 73, 20061115, 1028, 200607, '第四学期', 2, 6);
INSERT INTO `sys_timetable` VALUES (2238, 12, 20061115, 1084, 200609, '第四学期', 5, 3);
INSERT INTO `sys_timetable` VALUES (2239, 73, 20061115, 1009, 200601, '第四学期', 3, 7);
INSERT INTO `sys_timetable` VALUES (2240, 21, 20061115, 1022, 200611, '第四学期', 6, 2);
INSERT INTO `sys_timetable` VALUES (2241, 2, 20061115, 1009, 200613, '第四学期', 1, 3);
INSERT INTO `sys_timetable` VALUES (2242, 59, 20061116, 1012, 200610, '第四学期', 4, 4);
INSERT INTO `sys_timetable` VALUES (2243, 8, 20061116, 1015, 200602, '第四学期', 6, 2);
INSERT INTO `sys_timetable` VALUES (2244, 37, 20061116, 1024, 200611, '第四学期', 3, 2);
INSERT INTO `sys_timetable` VALUES (2245, 57, 20061116, 1077, 200607, '第四学期', 6, 5);
INSERT INTO `sys_timetable` VALUES (2246, 86, 20061116, 1062, 200608, '第四学期', 3, 7);
INSERT INTO `sys_timetable` VALUES (2247, 56, 20061116, 1058, 200601, '第四学期', 2, 5);
INSERT INTO `sys_timetable` VALUES (2248, 58, 20061116, 1070, 200604, '第四学期', 5, 2);
INSERT INTO `sys_timetable` VALUES (2249, 67, 20061116, 1026, 200605, '第四学期', 5, 2);
INSERT INTO `sys_timetable` VALUES (2250, 43, 20061116, 1051, 200611, '第四学期', 1, 1);
INSERT INTO `sys_timetable` VALUES (2251, 57, 20061116, 1010, 200604, '第四学期', 6, 2);
INSERT INTO `sys_timetable` VALUES (2252, 75, 20061116, 1023, 200608, '第四学期', 6, 3);
INSERT INTO `sys_timetable` VALUES (2253, 48, 20061116, 1025, 200608, '第四学期', 2, 1);
INSERT INTO `sys_timetable` VALUES (2254, 41, 20061117, 1056, 200603, '第四学期', 1, 5);
INSERT INTO `sys_timetable` VALUES (2255, 78, 20061117, 1016, 200612, '第四学期', 1, 6);
INSERT INTO `sys_timetable` VALUES (2256, 36, 20061117, 1014, 200613, '第四学期', 6, 5);
INSERT INTO `sys_timetable` VALUES (2257, 1, 20061117, 1070, 200611, '第四学期', 1, 7);
INSERT INTO `sys_timetable` VALUES (2258, 40, 20061117, 1018, 200609, '第四学期', 2, 4);
INSERT INTO `sys_timetable` VALUES (2259, 48, 20061117, 1036, 200609, '第四学期', 2, 1);
INSERT INTO `sys_timetable` VALUES (2260, 11, 20061117, 1022, 200602, '第四学期', 6, 2);
INSERT INTO `sys_timetable` VALUES (2261, 9, 20061117, 1003, 200608, '第四学期', 1, 1);
INSERT INTO `sys_timetable` VALUES (2262, 53, 20061117, 1037, 200611, '第四学期', 1, 1);
INSERT INTO `sys_timetable` VALUES (2263, 51, 20061117, 1011, 200605, '第四学期', 2, 2);
INSERT INTO `sys_timetable` VALUES (2264, 55, 20061117, 1077, 200606, '第四学期', 4, 3);
INSERT INTO `sys_timetable` VALUES (2265, 7, 20061117, 1029, 200609, '第四学期', 5, 3);
INSERT INTO `sys_timetable` VALUES (2266, 54, 20061118, 1030, 200613, '第四学期', 6, 5);
INSERT INTO `sys_timetable` VALUES (2267, 72, 20061118, 1085, 200614, '第四学期', 5, 4);
INSERT INTO `sys_timetable` VALUES (2268, 59, 20061118, 1016, 200601, '第四学期', 1, 6);
INSERT INTO `sys_timetable` VALUES (2269, 73, 20061118, 1007, 200602, '第四学期', 5, 2);
INSERT INTO `sys_timetable` VALUES (2270, 7, 20061118, 1045, 200611, '第四学期', 4, 3);
INSERT INTO `sys_timetable` VALUES (2271, 33, 20061118, 1047, 200610, '第四学期', 1, 5);
INSERT INTO `sys_timetable` VALUES (2272, 10, 20061118, 1016, 200608, '第四学期', 6, 3);
INSERT INTO `sys_timetable` VALUES (2273, 56, 20061118, 1076, 200607, '第四学期', 6, 5);
INSERT INTO `sys_timetable` VALUES (2274, 53, 20061118, 1054, 200607, '第四学期', 3, 3);
INSERT INTO `sys_timetable` VALUES (2275, 55, 20061118, 1003, 200613, '第四学期', 3, 1);
INSERT INTO `sys_timetable` VALUES (2276, 80, 20061118, 1023, 200606, '第四学期', 4, 7);
INSERT INTO `sys_timetable` VALUES (2277, 72, 20061118, 1043, 200603, '第四学期', 3, 6);
INSERT INTO `sys_timetable` VALUES (2278, 55, 20061119, 1019, 200607, '第四学期', 5, 3);
INSERT INTO `sys_timetable` VALUES (2279, 26, 20061119, 1062, 200606, '第四学期', 6, 3);
INSERT INTO `sys_timetable` VALUES (2280, 77, 20061119, 1001, 200608, '第四学期', 6, 4);
INSERT INTO `sys_timetable` VALUES (2281, 15, 20061119, 1072, 200611, '第四学期', 2, 5);
INSERT INTO `sys_timetable` VALUES (2282, 83, 20061119, 1041, 200601, '第四学期', 2, 4);
INSERT INTO `sys_timetable` VALUES (2283, 69, 20061119, 1032, 200605, '第四学期', 5, 7);
INSERT INTO `sys_timetable` VALUES (2284, 72, 20061119, 1019, 200610, '第四学期', 3, 5);
INSERT INTO `sys_timetable` VALUES (2285, 49, 20061119, 1005, 200612, '第四学期', 6, 2);
INSERT INTO `sys_timetable` VALUES (2286, 54, 20061119, 1019, 200605, '第四学期', 2, 3);
INSERT INTO `sys_timetable` VALUES (2287, 52, 20061119, 1031, 200607, '第四学期', 2, 6);
INSERT INTO `sys_timetable` VALUES (2288, 84, 20061119, 1078, 200611, '第四学期', 2, 7);
INSERT INTO `sys_timetable` VALUES (2289, 41, 20061119, 1071, 200610, '第四学期', 1, 7);
INSERT INTO `sys_timetable` VALUES (2290, 38, 20061120, 1071, 200605, '第四学期', 5, 6);
INSERT INTO `sys_timetable` VALUES (2291, 75, 20061120, 1053, 200613, '第四学期', 5, 6);
INSERT INTO `sys_timetable` VALUES (2292, 42, 20061120, 1036, 200601, '第四学期', 5, 7);
INSERT INTO `sys_timetable` VALUES (2293, 17, 20061120, 1057, 200607, '第四学期', 3, 6);
INSERT INTO `sys_timetable` VALUES (2294, 61, 20061120, 1062, 200608, '第四学期', 3, 3);
INSERT INTO `sys_timetable` VALUES (2295, 7, 20061120, 1035, 200603, '第四学期', 4, 6);
INSERT INTO `sys_timetable` VALUES (2296, 71, 20061120, 1081, 200602, '第四学期', 3, 1);
INSERT INTO `sys_timetable` VALUES (2297, 12, 20061120, 1078, 200605, '第四学期', 1, 5);
INSERT INTO `sys_timetable` VALUES (2298, 53, 20061120, 1056, 200604, '第四学期', 2, 1);
INSERT INTO `sys_timetable` VALUES (2299, 29, 20061120, 1060, 200601, '第四学期', 4, 6);
INSERT INTO `sys_timetable` VALUES (2300, 59, 20061120, 1042, 200605, '第四学期', 1, 3);
INSERT INTO `sys_timetable` VALUES (2301, 12, 20061120, 1083, 200603, '第四学期', 3, 6);
INSERT INTO `sys_timetable` VALUES (2302, 79, 20061101, 1082, 200610, '第四学期', 3, 1);
INSERT INTO `sys_timetable` VALUES (2303, 17, 20061101, 1011, 200602, '第四学期', 1, 4);
INSERT INTO `sys_timetable` VALUES (2304, 16, 20061101, 1078, 200614, '第四学期', 1, 4);
INSERT INTO `sys_timetable` VALUES (2305, 70, 20061101, 1071, 200602, '第四学期', 6, 3);
INSERT INTO `sys_timetable` VALUES (2306, 73, 20061101, 1010, 200612, '第四学期', 1, 1);
INSERT INTO `sys_timetable` VALUES (2307, 50, 20061101, 1016, 200608, '第四学期', 4, 7);
INSERT INTO `sys_timetable` VALUES (2308, 33, 20061101, 1016, 200601, '第四学期', 3, 2);
INSERT INTO `sys_timetable` VALUES (2309, 76, 20061101, 1060, 200608, '第四学期', 4, 6);
INSERT INTO `sys_timetable` VALUES (2310, 66, 20061101, 1003, 200607, '第四学期', 3, 5);
INSERT INTO `sys_timetable` VALUES (2311, 14, 20061101, 1043, 200601, '第四学期', 5, 5);
INSERT INTO `sys_timetable` VALUES (2312, 19, 20061101, 1044, 200606, '第四学期', 1, 6);
INSERT INTO `sys_timetable` VALUES (2313, 21, 20061101, 1002, 200602, '第四学期', 5, 7);
INSERT INTO `sys_timetable` VALUES (2314, 10, 20061102, 1053, 200607, '第四学期', 3, 4);
INSERT INTO `sys_timetable` VALUES (2315, 33, 20061102, 1059, 200604, '第四学期', 4, 5);
INSERT INTO `sys_timetable` VALUES (2316, 1, 20061102, 1021, 200606, '第四学期', 2, 5);
INSERT INTO `sys_timetable` VALUES (2317, 20, 20061102, 1054, 200601, '第四学期', 3, 5);
INSERT INTO `sys_timetable` VALUES (2318, 12, 20061102, 1082, 200611, '第四学期', 6, 6);
INSERT INTO `sys_timetable` VALUES (2319, 11, 20061102, 1026, 200604, '第四学期', 5, 4);
INSERT INTO `sys_timetable` VALUES (2320, 15, 20061102, 1070, 200607, '第四学期', 4, 7);
INSERT INTO `sys_timetable` VALUES (2321, 58, 20061102, 1013, 200606, '第四学期', 6, 1);
INSERT INTO `sys_timetable` VALUES (2322, 45, 20061102, 1054, 200608, '第四学期', 3, 6);
INSERT INTO `sys_timetable` VALUES (2323, 34, 20061102, 1050, 200611, '第四学期', 3, 2);
INSERT INTO `sys_timetable` VALUES (2324, 23, 20061102, 1027, 200613, '第四学期', 2, 6);
INSERT INTO `sys_timetable` VALUES (2325, 80, 20061102, 1048, 200611, '第四学期', 5, 5);
INSERT INTO `sys_timetable` VALUES (2326, 58, 20061103, 1049, 200614, '第四学期', 2, 6);
INSERT INTO `sys_timetable` VALUES (2327, 46, 20061103, 1027, 200609, '第四学期', 1, 4);
INSERT INTO `sys_timetable` VALUES (2328, 7, 20061103, 1001, 200601, '第四学期', 5, 6);
INSERT INTO `sys_timetable` VALUES (2329, 10, 20061103, 1029, 200604, '第四学期', 6, 4);
INSERT INTO `sys_timetable` VALUES (2330, 11, 20061103, 1011, 200602, '第四学期', 6, 4);
INSERT INTO `sys_timetable` VALUES (2331, 76, 20061103, 1072, 200610, '第四学期', 4, 5);
INSERT INTO `sys_timetable` VALUES (2332, 13, 20061103, 1038, 200607, '第四学期', 5, 3);
INSERT INTO `sys_timetable` VALUES (2333, 51, 20061103, 1063, 200606, '第四学期', 4, 4);
INSERT INTO `sys_timetable` VALUES (2334, 63, 20061103, 1030, 200603, '第四学期', 1, 1);
INSERT INTO `sys_timetable` VALUES (2335, 56, 20061103, 1046, 200601, '第四学期', 1, 5);
INSERT INTO `sys_timetable` VALUES (2336, 53, 20061103, 1006, 200605, '第四学期', 1, 4);
INSERT INTO `sys_timetable` VALUES (2337, 27, 20061103, 1016, 200611, '第四学期', 6, 5);
INSERT INTO `sys_timetable` VALUES (2338, 80, 20061104, 1079, 200602, '第四学期', 1, 1);
INSERT INTO `sys_timetable` VALUES (2339, 65, 20061104, 1079, 200614, '第四学期', 5, 4);
INSERT INTO `sys_timetable` VALUES (2340, 72, 20061104, 1017, 200610, '第四学期', 6, 4);
INSERT INTO `sys_timetable` VALUES (2341, 40, 20061104, 1024, 200605, '第四学期', 6, 3);
INSERT INTO `sys_timetable` VALUES (2342, 66, 20061104, 1082, 200605, '第四学期', 4, 1);
INSERT INTO `sys_timetable` VALUES (2343, 48, 20061104, 1043, 200605, '第四学期', 3, 1);
INSERT INTO `sys_timetable` VALUES (2344, 36, 20061104, 1010, 200602, '第四学期', 4, 5);
INSERT INTO `sys_timetable` VALUES (2345, 5, 20061104, 1058, 200606, '第四学期', 5, 4);
INSERT INTO `sys_timetable` VALUES (2346, 43, 20061104, 1030, 200611, '第四学期', 6, 1);
INSERT INTO `sys_timetable` VALUES (2347, 64, 20061104, 1063, 200605, '第四学期', 5, 2);
INSERT INTO `sys_timetable` VALUES (2348, 5, 20061104, 1003, 200610, '第四学期', 3, 7);
INSERT INTO `sys_timetable` VALUES (2349, 4, 20061104, 1083, 200611, '第四学期', 6, 4);
INSERT INTO `sys_timetable` VALUES (2350, 42, 20061105, 1079, 200604, '第四学期', 4, 4);
INSERT INTO `sys_timetable` VALUES (2351, 68, 20061105, 1080, 200603, '第四学期', 4, 3);
INSERT INTO `sys_timetable` VALUES (2352, 51, 20061105, 1042, 200604, '第四学期', 5, 6);
INSERT INTO `sys_timetable` VALUES (2353, 18, 20061105, 1018, 200607, '第四学期', 4, 3);
INSERT INTO `sys_timetable` VALUES (2354, 72, 20061105, 1073, 200609, '第四学期', 3, 7);
INSERT INTO `sys_timetable` VALUES (2355, 57, 20061105, 1028, 200613, '第四学期', 1, 3);
INSERT INTO `sys_timetable` VALUES (2356, 85, 20061105, 1007, 200604, '第四学期', 2, 2);
INSERT INTO `sys_timetable` VALUES (2357, 7, 20061105, 1030, 200610, '第四学期', 4, 6);
INSERT INTO `sys_timetable` VALUES (2358, 18, 20061105, 1074, 200608, '第四学期', 3, 1);
INSERT INTO `sys_timetable` VALUES (2359, 12, 20061105, 1081, 200602, '第四学期', 5, 3);
INSERT INTO `sys_timetable` VALUES (2360, 73, 20061105, 1065, 200606, '第四学期', 5, 1);
INSERT INTO `sys_timetable` VALUES (2361, 45, 20061105, 1085, 200606, '第四学期', 6, 7);
INSERT INTO `sys_timetable` VALUES (2362, 86, 20061106, 1018, 200612, '第四学期', 4, 7);
INSERT INTO `sys_timetable` VALUES (2363, 8, 20061106, 1075, 200614, '第四学期', 4, 7);
INSERT INTO `sys_timetable` VALUES (2364, 45, 20061106, 1050, 200601, '第四学期', 3, 1);
INSERT INTO `sys_timetable` VALUES (2365, 46, 20061106, 1064, 200605, '第四学期', 1, 7);
INSERT INTO `sys_timetable` VALUES (2366, 47, 20061106, 1044, 200614, '第四学期', 5, 4);
INSERT INTO `sys_timetable` VALUES (2367, 84, 20061106, 1072, 200601, '第四学期', 1, 1);
INSERT INTO `sys_timetable` VALUES (2368, 2, 20061106, 1051, 200603, '第四学期', 6, 6);
INSERT INTO `sys_timetable` VALUES (2369, 34, 20061106, 1080, 200606, '第四学期', 3, 1);
INSERT INTO `sys_timetable` VALUES (2370, 51, 20061106, 1018, 200612, '第四学期', 4, 2);
INSERT INTO `sys_timetable` VALUES (2371, 12, 20061106, 1064, 200610, '第四学期', 1, 6);
INSERT INTO `sys_timetable` VALUES (2372, 71, 20061106, 1057, 200602, '第四学期', 3, 6);
INSERT INTO `sys_timetable` VALUES (2373, 58, 20061106, 1017, 200612, '第四学期', 2, 2);
INSERT INTO `sys_timetable` VALUES (2374, 10, 20061107, 1055, 200604, '第四学期', 1, 3);
INSERT INTO `sys_timetable` VALUES (2375, 27, 20061107, 1049, 200605, '第四学期', 3, 1);
INSERT INTO `sys_timetable` VALUES (2376, 52, 20061107, 1059, 200614, '第四学期', 6, 4);
INSERT INTO `sys_timetable` VALUES (2377, 16, 20061107, 1019, 200603, '第四学期', 1, 3);
INSERT INTO `sys_timetable` VALUES (2378, 22, 20061107, 1070, 200601, '第四学期', 3, 2);
INSERT INTO `sys_timetable` VALUES (2379, 56, 20061107, 1079, 200602, '第四学期', 6, 1);
INSERT INTO `sys_timetable` VALUES (2380, 37, 20061107, 1078, 200608, '第四学期', 5, 2);
INSERT INTO `sys_timetable` VALUES (2381, 18, 20061107, 1066, 200609, '第四学期', 1, 4);
INSERT INTO `sys_timetable` VALUES (2382, 50, 20061107, 1078, 200609, '第四学期', 4, 4);
INSERT INTO `sys_timetable` VALUES (2383, 74, 20061107, 1074, 200614, '第四学期', 4, 4);
INSERT INTO `sys_timetable` VALUES (2384, 78, 20061107, 1053, 200605, '第四学期', 1, 2);
INSERT INTO `sys_timetable` VALUES (2385, 28, 20061107, 1047, 200604, '第四学期', 5, 7);
INSERT INTO `sys_timetable` VALUES (2386, 30, 20061108, 1078, 200608, '第四学期', 2, 3);
INSERT INTO `sys_timetable` VALUES (2387, 43, 20061108, 1029, 200609, '第四学期', 1, 6);
INSERT INTO `sys_timetable` VALUES (2388, 65, 20061108, 1039, 200604, '第四学期', 2, 4);
INSERT INTO `sys_timetable` VALUES (2389, 73, 20061108, 1065, 200604, '第四学期', 1, 4);
INSERT INTO `sys_timetable` VALUES (2390, 49, 20061108, 1045, 200602, '第四学期', 5, 6);
INSERT INTO `sys_timetable` VALUES (2391, 75, 20061108, 1071, 200611, '第四学期', 4, 7);
INSERT INTO `sys_timetable` VALUES (2392, 16, 20061108, 1015, 200612, '第四学期', 6, 7);
INSERT INTO `sys_timetable` VALUES (2393, 14, 20061108, 1017, 200605, '第四学期', 4, 3);
INSERT INTO `sys_timetable` VALUES (2394, 65, 20061108, 1082, 200603, '第四学期', 3, 3);
INSERT INTO `sys_timetable` VALUES (2395, 77, 20061108, 1083, 200606, '第四学期', 2, 1);
INSERT INTO `sys_timetable` VALUES (2396, 61, 20061108, 1018, 200612, '第四学期', 2, 2);
INSERT INTO `sys_timetable` VALUES (2397, 56, 20061108, 1002, 200614, '第四学期', 2, 4);
INSERT INTO `sys_timetable` VALUES (2398, 31, 20061109, 1031, 200611, '第四学期', 1, 2);
INSERT INTO `sys_timetable` VALUES (2399, 46, 20061109, 1063, 200604, '第四学期', 2, 5);
INSERT INTO `sys_timetable` VALUES (2400, 59, 20061109, 1070, 200607, '第四学期', 3, 6);
INSERT INTO `sys_timetable` VALUES (2401, 53, 20061109, 1066, 200605, '第四学期', 5, 3);
INSERT INTO `sys_timetable` VALUES (2402, 25, 20061109, 1050, 200601, '第四学期', 4, 4);
INSERT INTO `sys_timetable` VALUES (2403, 48, 20061109, 1030, 200611, '第四学期', 1, 5);
INSERT INTO `sys_timetable` VALUES (2404, 64, 20061109, 1078, 200610, '第四学期', 4, 1);
INSERT INTO `sys_timetable` VALUES (2405, 80, 20061109, 1043, 200614, '第四学期', 5, 3);
INSERT INTO `sys_timetable` VALUES (2406, 60, 20061109, 1073, 200610, '第四学期', 4, 2);
INSERT INTO `sys_timetable` VALUES (2407, 66, 20061109, 1072, 200610, '第四学期', 3, 3);
INSERT INTO `sys_timetable` VALUES (2408, 65, 20061109, 1079, 200612, '第四学期', 5, 2);
INSERT INTO `sys_timetable` VALUES (2409, 46, 20061109, 1079, 200610, '第四学期', 1, 7);
INSERT INTO `sys_timetable` VALUES (2410, 6, 20061110, 1075, 200605, '第四学期', 3, 4);
INSERT INTO `sys_timetable` VALUES (2411, 9, 20061110, 1005, 200601, '第四学期', 2, 6);
INSERT INTO `sys_timetable` VALUES (2412, 10, 20061110, 1062, 200607, '第四学期', 1, 2);
INSERT INTO `sys_timetable` VALUES (2413, 61, 20061110, 1025, 200611, '第四学期', 6, 5);
INSERT INTO `sys_timetable` VALUES (2414, 22, 20061110, 1078, 200608, '第四学期', 4, 6);
INSERT INTO `sys_timetable` VALUES (2415, 26, 20061110, 1043, 200605, '第四学期', 5, 3);
INSERT INTO `sys_timetable` VALUES (2416, 76, 20061110, 1059, 200611, '第四学期', 4, 4);
INSERT INTO `sys_timetable` VALUES (2417, 48, 20061110, 1019, 200611, '第四学期', 1, 1);
INSERT INTO `sys_timetable` VALUES (2418, 63, 20061110, 1053, 200604, '第四学期', 6, 2);
INSERT INTO `sys_timetable` VALUES (2419, 85, 20061110, 1067, 200604, '第四学期', 3, 2);
INSERT INTO `sys_timetable` VALUES (2420, 29, 20061110, 1026, 200601, '第四学期', 3, 6);
INSERT INTO `sys_timetable` VALUES (2421, 27, 20061110, 1019, 200610, '第四学期', 1, 3);

-- ----------------------------
-- Table structure for sys_user
-- ----------------------------
DROP TABLE IF EXISTS `sys_user`;
CREATE TABLE `sys_user`  (
  `id` int NOT NULL AUTO_INCREMENT COMMENT '用户ID',
  `username` varchar(255) CHARACTER SET utf8 COLLATE utf8_general_ci NOT NULL COMMENT '用户名，一般为学号',
  `password` varchar(255) CHARACTER SET utf8 COLLATE utf8_general_ci NOT NULL COMMENT '密码',
  `is_account_non_expired` tinyint NOT NULL DEFAULT 1,
  `is_account_non_locked` tinyint NOT NULL DEFAULT 1,
  `is_credentials_non_expired` tinyint NOT NULL DEFAULT 1,
  `is_enabled` tinyint NOT NULL DEFAULT 1,
  `avatar` varchar(255) CHARACTER SET utf8 COLLATE utf8_general_ci NOT NULL DEFAULT 'https://manong-authority.oss-cn-guangzhou.aliyuncs.com/avatar/default-avatar.gif' COMMENT '头像',
  `real_name` varchar(255) CHARACTER SET utf8 COLLATE utf8_general_ci NOT NULL COMMENT '真实姓名',
  `is_admin` int NOT NULL DEFAULT 0 COMMENT '1管理员 0学生 2教师',
  PRIMARY KEY (`id`) USING BTREE
) ENGINE = InnoDB AUTO_INCREMENT = 9 CHARACTER SET = utf8 COLLATE = utf8_general_ci ROW_FORMAT = Dynamic;

-- ----------------------------
-- Records of sys_user
-- ----------------------------
INSERT INTO `sys_user` VALUES (1, '20063138', '$2a$10$R1SvJuF0MdPEMlILBv87TeSFQbTufacOQSkJrRSxJZmjt/4flmJEG', 1, 1, 1, 1, 'https://manong-authority.oss-cn-guangzhou.aliyuncs.com/avatar/default-avatar.gif', '张垚', 1);
INSERT INTO `sys_user` VALUES (5, 'admin', '$2a$10$IUuU3rTzCbWHhTRaxuLJ4./oD2Oh4mo3HqKZyyY1D7TM8wCeDzQKS', 1, 1, 1, 1, 'https://manong-authority.oss-cn-guangzhou.aliyuncs.com/avatar/default-avatar.gif', 'admin', 1);
INSERT INTO `sys_user` VALUES (6, '202204', '$2a$10$KIwEUQFBso8iNlzc5jDLG.T2BGdX7lHzT2Ori4TLxCLY7Rt3e90vm', 1, 1, 1, 1, 'https://manong-authority.oss-cn-guangzhou.aliyuncs.com/avatar/default-avatar.gif', '刘帅', 2);
INSERT INTO `sys_user` VALUES (7, '20050003', '$2a$10$6soNCZOEjkPzp9Gm1hWOK.ZCw0ZBAdZyZ4ZGinD7a1YIQtR8BzKe6', 1, 1, 1, 1, 'https://manong-authority.oss-cn-guangzhou.aliyuncs.com/avatar/default-avatar.gif', '郭山彤', 0);
INSERT INTO `sys_user` VALUES (9, '202201', '$2a$10$ypxACgXd28XEtf5NVrhcM.nhXgcqfLJNHcDC/PY8Uh0YD05sweSre', 1, 1, 1, 1, 'https://manong-authority.oss-cn-guangzhou.aliyuncs.com/avatar/default-avatar.gif', '陈国权', 2);
INSERT INTO `sys_user` VALUES (10, '202202', '$2a$10$Kxwe9hfTRCncIF0McYlT6OfowS7FDrnCH/rrHR7qj8eyIW0mPOv1G', 1, 1, 1, 1, 'https://manong-authority.oss-cn-guangzhou.aliyuncs.com/avatar/default-avatar.gif', '陈丽君', 2);
INSERT INTO `sys_user` VALUES (11, '202203', '$2a$10$IpAWjSuWHuEEK9ECswG7sO7rpFKBIbRpkd3lM78vaGS90g96ceSyu', 1, 1, 1, 1, 'https://manong-authority.oss-cn-guangzhou.aliyuncs.com/avatar/default-avatar.gif', '曹正汉', 2);
INSERT INTO `sys_user` VALUES (12, '202205', '$2a$10$Bfb5H5jsm97JlW8zp0BUWeDpHi6AMwy7DX5XCuvI/ONIIQEHOoJ3G', 1, 1, 1, 1, 'https://manong-authority.oss-cn-guangzhou.aliyuncs.com/avatar/default-avatar.gif', '范柏乃', 2);
INSERT INTO `sys_user` VALUES (13, '202206', '$2a$10$ZxZDvGIfrgqpvFvoTEcG0OnNYN0kJ6PVVxiKl0PYCh/5MZZ7M9s9K', 1, 1, 1, 1, 'https://manong-authority.oss-cn-guangzhou.aliyuncs.com/avatar/default-avatar.gif', '顾昕', 2);
INSERT INTO `sys_user` VALUES (14, '202207', '$2a$10$q3yLpxguyU6dL/R4JxkjTuevOOUPp4Naqspl4tcMf0dBMSnirf.1C', 1, 1, 1, 1, 'https://manong-authority.oss-cn-guangzhou.aliyuncs.com/avatar/default-avatar.gif', '高翔', 2);
INSERT INTO `sys_user` VALUES (15, '202208', '$2a$10$IKoUmEGmI3SAgEDFZ5I3Fel4OD/McvMrDC2Wbnm9TbBuuZ7JOys96', 1, 1, 1, 1, 'https://manong-authority.oss-cn-guangzhou.aliyuncs.com/avatar/default-avatar.gif', '郭夏娟', 2);
INSERT INTO `sys_user` VALUES (16, '202210', '$2a$10$HivOeyjqST7byBt38Lk3M.ynaAU8c7wgHbcfjv7h1btqaaF0CAaBK', 1, 1, 1, 1, 'https://manong-authority.oss-cn-guangzhou.aliyuncs.com/avatar/default-avatar.gif', '胡税根', 2);
INSERT INTO `sys_user` VALUES (17, '202211', '$2a$10$ujYFYa2Bj0alHNoxphCX.ONl8xOsg3mXvSugh8TbtfWrpStlCohra', 1, 1, 1, 1, 'https://manong-authority.oss-cn-guangzhou.aliyuncs.com/avatar/default-avatar.gif', '田传浩', 2);
INSERT INTO `sys_user` VALUES (18, '202209', '$2a$10$fsoRtF.uNJx1LUb37pdnGOOB/1MY3IOmTu3He1SImATzpmVA89fy.', 1, 1, 1, 1, 'https://manong-authority.oss-cn-guangzhou.aliyuncs.com/avatar/default-avatar.gif', '吴金群', 2);
INSERT INTO `sys_user` VALUES (19, '202212', '$2a$10$sZCGpbM15QpaQhPNRK3uJOoNwIJP6EvkmkWqaJWm1Z7T25KcUBNTK', 1, 1, 1, 1, 'https://manong-authority.oss-cn-guangzhou.aliyuncs.com/avatar/default-avatar.gif', '王诗宗', 2);
INSERT INTO `sys_user` VALUES (20, '202213', '$2a$10$IJlqyTGvd/0qNuPReIetH.AyPjh/R3QeWmYVfB058c43RGGyO/GKy', 1, 1, 1, 1, 'https://manong-authority.oss-cn-guangzhou.aliyuncs.com/avatar/default-avatar.gif', '郁建兴', 2);
INSERT INTO `sys_user` VALUES (21, '202214', '$2a$10$Lwnfhk5hjQ9JQ3lERRZHh.CaIwGsNsfL7aQKTpfMqOSDp8oqAv/nG', 1, 1, 1, 1, 'https://manong-authority.oss-cn-guangzhou.aliyuncs.com/avatar/default-avatar.gif', '余逊达', 2);
INSERT INTO `sys_user` VALUES (22, '202215', '$2a$10$N78QfDIXU3S5hW7ayRUcL.lIb9xnWfoRoGZ6II/s3rx9coRExjlgq', 1, 1, 1, 1, 'https://manong-authority.oss-cn-guangzhou.aliyuncs.com/avatar/default-avatar.gif', '余潇枫', 2);
INSERT INTO `sys_user` VALUES (23, '20051002', '$2a$10$CxZ.PyB/F.dQwyqlGnb7O.ESFDNxmInTq4WXm3HAVbpxHBfa84V5m', 1, 1, 1, 1, 'https://manong-authority.oss-cn-guangzhou.aliyuncs.com/avatar/default-avatar.gif', '梁敦厦', 0);
INSERT INTO `sys_user` VALUES (24, '20051003', '$2a$10$A1Dl7/Q/MQCZay/x3WTBuuMRs7LLjmXNVCFufnwrFDYApXNpuBN/K', 1, 1, 1, 1, 'https://manong-authority.oss-cn-guangzhou.aliyuncs.com/avatar/default-avatar.gif', '霍负浪', 0);
INSERT INTO `sys_user` VALUES (25, '20051004', '$2a$10$7TBPAKUxtQmdjpSC8Qcdk.fr0LaMHJSLiVqQsB/Qnad4vJ6FzmqNC', 1, 1, 1, 1, 'https://manong-authority.oss-cn-guangzhou.aliyuncs.com/avatar/default-avatar.gif', '虞信品', 0);
INSERT INTO `sys_user` VALUES (26, '20051005', '$2a$10$oBg/.HhfzjOZhVGZpkmmh.UMYye5CYN9fgoIR6E7290sGdR53xGgO', 1, 1, 1, 1, 'https://manong-authority.oss-cn-guangzhou.aliyuncs.com/avatar/default-avatar.gif', '马仁毅', 0);
INSERT INTO `sys_user` VALUES (27, '20051006', '$2a$10$wyJfSc1VMJcS.ZJBCSCkM.G4yITiurT.hnlTL0Lml2T2IXybQgePW', 1, 1, 1, 1, 'https://manong-authority.oss-cn-guangzhou.aliyuncs.com/avatar/default-avatar.gif', '冯州龙', 0);
INSERT INTO `sys_user` VALUES (28, '20051007', '$2a$10$cB3e4SsgZrHze9cA.WSyYeFRcUaTtFppm1fklH9aemhM4VEzZXJtO', 1, 1, 1, 1, 'https://manong-authority.oss-cn-guangzhou.aliyuncs.com/avatar/default-avatar.gif', '简务帅', 0);
INSERT INTO `sys_user` VALUES (29, '20051008', '$2a$10$8tUcWaDCtzeHhaP1mXlwpuNK0ACIRZoWHRrQTP5RlRI7jBfvUe/Hm', 1, 1, 1, 1, 'https://manong-authority.oss-cn-guangzhou.aliyuncs.com/avatar/default-avatar.gif', '黎丙赣', 0);
INSERT INTO `sys_user` VALUES (30, '20051009', '$2a$10$jx/Rv1d4S7b4E7cnJvgsXeqlJdYyzAsvSQJatL9p1mITOGE72ZoBO', 1, 1, 1, 1, 'https://manong-authority.oss-cn-guangzhou.aliyuncs.com/avatar/default-avatar.gif', '谢尉争', 0);
INSERT INTO `sys_user` VALUES (31, '20051010', '$2a$10$B/675p9SIiDbNz8WvFlcfec9UeZUqsqYuOvdDrRzM6OvVdvV54oVe', 1, 1, 1, 1, 'https://manong-authority.oss-cn-guangzhou.aliyuncs.com/avatar/default-avatar.gif', '赵单羽', 0);
INSERT INTO `sys_user` VALUES (32, '20051011', '$2a$10$P4i79Ip/.cQVBa42mdAZ1u3fFJussb8OWOEGCVEwGqqAnVl0kiURa', 1, 1, 1, 1, 'https://manong-authority.oss-cn-guangzhou.aliyuncs.com/avatar/default-avatar.gif', '孟航沛', 0);
INSERT INTO `sys_user` VALUES (33, '20051012', '$2a$10$6WYb0UKHxc87Ze5U7yBS9eDrHXmbFxSPgzGILX1Ag2KSnqXetLoVW', 1, 1, 1, 1, 'https://manong-authority.oss-cn-guangzhou.aliyuncs.com/avatar/default-avatar.gif', '龚开梦', 0);
INSERT INTO `sys_user` VALUES (34, '20051013', '$2a$10$ksKFcNDYRKLlPJ1llKoQeOU3iIJYzGWuzeyO9PuXJblYDrcbPHVVG', 1, 1, 1, 1, 'https://manong-authority.oss-cn-guangzhou.aliyuncs.com/avatar/default-avatar.gif', '黄蓝风', 0);
INSERT INTO `sys_user` VALUES (35, '20051014', '$2a$10$OnaepGCXLzZF.ct5P1LiXe84m1aVmju1tMzvpdcZc64GOZ8PLLwm.', 1, 1, 1, 1, 'https://manong-authority.oss-cn-guangzhou.aliyuncs.com/avatar/default-avatar.gif', '易堃登', 0);
INSERT INTO `sys_user` VALUES (36, '20051015', '$2a$10$WZJDIGBJ1qpz0fCAuP61h.BkTsIbB7kUT3R2dkJA5k2FPwsraFOjS', 1, 1, 1, 1, 'https://manong-authority.oss-cn-guangzhou.aliyuncs.com/avatar/default-avatar.gif', '蔡农仲', 0);
INSERT INTO `sys_user` VALUES (37, '20051016', '$2a$10$DzWgUdtol3FufOUG.tFbx.T9RNjDVE32XPQWh36j1IviNZ6VDs95e', 1, 1, 1, 1, 'https://manong-authority.oss-cn-guangzhou.aliyuncs.com/avatar/default-avatar.gif', '巫家昱', 0);
INSERT INTO `sys_user` VALUES (38, '20051017', '$2a$10$FP0Hg37rluxNA58OQLxgUe8sOYSJ.MXZvwdFhxzFo3ROhwUNMiHym', 1, 1, 1, 1, 'https://manong-authority.oss-cn-guangzhou.aliyuncs.com/avatar/default-avatar.gif', '赵道霄', 0);
INSERT INTO `sys_user` VALUES (39, '20051018', '$2a$10$Ks6ILvLf7tJcmjY56jj7duC5B6IkPI.xpNR6K.LoXQ/3uzGoHopN.', 1, 1, 1, 1, 'https://manong-authority.oss-cn-guangzhou.aliyuncs.com/avatar/default-avatar.gif', '章学共', 0);
INSERT INTO `sys_user` VALUES (40, '20051019', '$2a$10$FTl8XU7eVyCrQuiO8PJk3.HJWrXXjyzXy7IMfSyGlENh9ArhsECBW', 1, 1, 1, 1, 'https://manong-authority.oss-cn-guangzhou.aliyuncs.com/avatar/default-avatar.gif', '乐武亮', 0);
INSERT INTO `sys_user` VALUES (41, '20051020', '$2a$10$cBYftXKO0913MjTzzJ7hveQF/uLmUgbr.zxOHMGRohGmSIODN3zsm', 1, 1, 1, 1, 'https://manong-authority.oss-cn-guangzhou.aliyuncs.com/avatar/default-avatar.gif', '费宜鸿', 0);
INSERT INTO `sys_user` VALUES (42, '20051101', '$2a$10$vqFzKFRNwxnesS1jyjVu3eRpgvuZHRlTeGCLiiKutHsWmX7cJjMci', 1, 1, 1, 1, 'https://manong-authority.oss-cn-guangzhou.aliyuncs.com/avatar/default-avatar.gif', '张津广', 0);
INSERT INTO `sys_user` VALUES (43, '20051102', '$2a$10$rfteG8nEFwIdSazjSsIl6u235o.7kxd9NZTD6EH7kDQklYP/LKmCi', 1, 1, 1, 1, 'https://manong-authority.oss-cn-guangzhou.aliyuncs.com/avatar/default-avatar.gif', '梁胤鸣', 0);
INSERT INTO `sys_user` VALUES (44, '20051103', '$2a$10$DF.rnjUsnswOVCqG5FIiz.viZ9lGZvsnZnoWbRMjB15.CqZ7RGE7e', 1, 1, 1, 1, 'https://manong-authority.oss-cn-guangzhou.aliyuncs.com/avatar/default-avatar.gif', '吕聪', 0);
INSERT INTO `sys_user` VALUES (45, '20051104', '$2a$10$HRdVxxmnxDDx.h08GtGtH.zIjJqB6uYdu/LIjBos.yB1XzNCBPk1q', 1, 1, 1, 1, 'https://manong-authority.oss-cn-guangzhou.aliyuncs.com/avatar/default-avatar.gif', '蒋进如', 0);
INSERT INTO `sys_user` VALUES (46, '20051105', '$2a$10$bWUadlMYC6/4jG9uLBqmSO27G0VUxS3RrZMp0AraiqY975CoF3Tzm', 1, 1, 1, 1, 'https://manong-authority.oss-cn-guangzhou.aliyuncs.com/avatar/default-avatar.gif', '林豪谱', 0);
INSERT INTO `sys_user` VALUES (47, '200511056', '$2a$10$l3JP5bIKYwpFKAxBT2asbeOKoMUMAmg/HC9AM4E04OugbIzoe7BAi', 1, 1, 1, 1, 'https://manong-authority.oss-cn-guangzhou.aliyuncs.com/avatar/default-avatar.gif', '孙剑佛', 0);
INSERT INTO `sys_user` VALUES (48, '20051107', '$2a$10$MMo2px.KpAvrw8S.2X/gv.VG9recc8h4kvsk9pzuIEc1KIiBoltNy', 1, 1, 1, 1, 'https://manong-authority.oss-cn-guangzhou.aliyuncs.com/avatar/default-avatar.gif', '魏成贯', 0);
INSERT INTO `sys_user` VALUES (49, '20051108', '$2a$10$iOOqOtGYkkWGeHqEm/3xIe87vtXrc7QIAS44HtVfnEf9.L4M1j.jO', 1, 1, 1, 1, 'https://manong-authority.oss-cn-guangzhou.aliyuncs.com/avatar/default-avatar.gif', '卫耿羿', 0);
INSERT INTO `sys_user` VALUES (50, '20051109', '$2a$10$iM92l52KEHhBqY3Kt1/iSuPx0IN0yIpOq8RbSlkOwc7iU8TwJwutG', 1, 1, 1, 1, 'https://manong-authority.oss-cn-guangzhou.aliyuncs.com/avatar/default-avatar.gif', '谢协湃', 0);
INSERT INTO `sys_user` VALUES (51, '20051110', '$2a$10$GogbEpCZHzCM3k19Tif.w.TURQcu8NiltskhjOLx2rlIebOGU/QJe', 1, 1, 1, 1, 'https://manong-authority.oss-cn-guangzhou.aliyuncs.com/avatar/default-avatar.gif', '岑刚飘', 0);
INSERT INTO `sys_user` VALUES (52, '20051111', '$2a$10$22fCGLn7owANc60ar3byBO8AWXXoPk5tm2cgb3jahNQcp4PmXYrn.', 1, 1, 1, 1, 'https://manong-authority.oss-cn-guangzhou.aliyuncs.com/avatar/default-avatar.gif', '吴资龙', 0);
INSERT INTO `sys_user` VALUES (53, '20051112', '$2a$10$IaXrhm/99JikSr/Y2wa.ou9TbmjOV.AdZksx0XDVRWzqUt8bShA0K', 1, 1, 1, 1, 'https://manong-authority.oss-cn-guangzhou.aliyuncs.com/avatar/default-avatar.gif', '陈仓翼', 0);
INSERT INTO `sys_user` VALUES (54, '20051113', '$2a$10$6fwKlpLRlWx6ev0aRJtvGuTD1Mo6dB2IjLcS9OaKdKYuBWxapnnsi', 1, 1, 1, 1, 'https://manong-authority.oss-cn-guangzhou.aliyuncs.com/avatar/default-avatar.gif', '刘枝迟', 0);
INSERT INTO `sys_user` VALUES (55, '20051114', '$2a$10$0RH9BtZrlhdiy4XvYSjLi.cPfZFtcjF/7bQSTliSW60lRk5H/OY3y', 1, 1, 1, 1, 'https://manong-authority.oss-cn-guangzhou.aliyuncs.com/avatar/default-avatar.gif', '尤帅齐', 0);
INSERT INTO `sys_user` VALUES (56, '20051115', '$2a$10$f56GM7Ngm/sfUdQo3QjFbOAeDnYZqRJRoTclUO2TUvO8mfVxvQubS', 1, 1, 1, 1, 'https://manong-authority.oss-cn-guangzhou.aliyuncs.com/avatar/default-avatar.gif', '孙彩武', 0);
INSERT INTO `sys_user` VALUES (57, '20051116', '$2a$10$5UGtL76.hnQHNzHa4tit9eG4KDDMQ0QgstLe8JzgYxRnMdS68ufmS', 1, 1, 1, 1, 'https://manong-authority.oss-cn-guangzhou.aliyuncs.com/avatar/default-avatar.gif', '陈莉汐', 0);
INSERT INTO `sys_user` VALUES (58, '20051117', '$2a$10$M9pIYwoFljvD6rxmQ3j1XeBDwDzOVQ1k3jof0I4NA5EauayWHpOn6', 1, 1, 1, 1, 'https://manong-authority.oss-cn-guangzhou.aliyuncs.com/avatar/default-avatar.gif', '程欢亭', 0);
INSERT INTO `sys_user` VALUES (59, '20051118', '$2a$10$QtcblIBmZlnD.1W6TbzG8.ybjIfT4lTDR3CDUcjRcR/lyBt0MDruS', 1, 1, 1, 1, 'https://manong-authority.oss-cn-guangzhou.aliyuncs.com/avatar/default-avatar.gif', '邬肖任', 0);
INSERT INTO `sys_user` VALUES (60, '20051119', '$2a$10$aGZr6LmLI1JLuOn9PwfcnuYz2Q3YelwH/nh.sT5yrC82u5BtEDI6S', 1, 1, 1, 1, 'https://manong-authority.oss-cn-guangzhou.aliyuncs.com/avatar/default-avatar.gif', '尤政航', 0);
INSERT INTO `sys_user` VALUES (61, '20051120', '$2a$10$UxGiui2hjwl7miTWS8IB2.zD5xiW65/bHMNe8nVuNMSuEYNKo7ClG', 1, 1, 1, 1, 'https://manong-authority.oss-cn-guangzhou.aliyuncs.com/avatar/default-avatar.gif', '颜东鑫', 0);
INSERT INTO `sys_user` VALUES (62, '20051201', '$2a$10$t3ikFaYVRxINv7EV9XTRP.f4vlsCzF9R/Ty0RtCnKxezBWba9axH6', 1, 1, 1, 1, 'https://manong-authority.oss-cn-guangzhou.aliyuncs.com/avatar/default-avatar.gif', '欧有皆', 0);
INSERT INTO `sys_user` VALUES (63, '20051202', '$2a$10$h5zZM9lGBBAhhbjRVfDnKet1JcFlct72ccVmONKDLirbzLKe6fIZS', 1, 1, 1, 1, 'https://manong-authority.oss-cn-guangzhou.aliyuncs.com/avatar/default-avatar.gif', '高季晨', 0);
INSERT INTO `sys_user` VALUES (64, '20051203', '$2a$10$NrVUsUE2OjmroXvMtkd.c.JoxsQFI3QJZqdSy723pz8vbpX7WQ/gq', 1, 1, 1, 1, 'https://manong-authority.oss-cn-guangzhou.aliyuncs.com/avatar/default-avatar.gif', '孙奎汝', 0);
INSERT INTO `sys_user` VALUES (65, '20051204', '$2a$10$3WINf75T0LdcqhWR2ce16.xQpI4WscPA5Phe3dx.ZjS9TxVdb80le', 1, 1, 1, 1, 'https://manong-authority.oss-cn-guangzhou.aliyuncs.com/avatar/default-avatar.gif', '龚韶釜', 0);
INSERT INTO `sys_user` VALUES (66, '20051205', '$2a$10$9UVnT/o.e9dxDA87DclWIe4ytfdpcDmwwTyVqVF3mOLMiLdcejnSm', 1, 1, 1, 1, 'https://manong-authority.oss-cn-guangzhou.aliyuncs.com/avatar/default-avatar.gif', '费汐家', 0);
INSERT INTO `sys_user` VALUES (67, '20051206', '$2a$10$ZzUHt9zZUu2xmNh8E2tfa.XfJs/E4zO2JoBeXqfOfYI00uRY4XUEC', 1, 1, 1, 1, 'https://manong-authority.oss-cn-guangzhou.aliyuncs.com/avatar/default-avatar.gif', '钱铮友', 0);
INSERT INTO `sys_user` VALUES (68, '20051207', '$2a$10$hpKKLZKnTZ.jlSJ2an8nPeAEY5Bq3fl9OfYlCq1U7lsxtk29EO1ya', 1, 1, 1, 1, 'https://manong-authority.oss-cn-guangzhou.aliyuncs.com/avatar/default-avatar.gif', '沈锵良', 0);
INSERT INTO `sys_user` VALUES (69, '20051208', '$2a$10$eu7KwCF11x3C8kK00V8HbOrc1f7/YKeOQCQEO1dsFgj2xCTrgG99O', 1, 1, 1, 1, 'https://manong-authority.oss-cn-guangzhou.aliyuncs.com/avatar/default-avatar.gif', '傅利', 0);
INSERT INTO `sys_user` VALUES (70, '20051209', '$2a$10$XOEYnIdj2EYa3B4uNPOCcuIbY2Je.C2BZ.x04lVuy1jJxJkEEhm6S', 1, 1, 1, 1, 'https://manong-authority.oss-cn-guangzhou.aliyuncs.com/avatar/default-avatar.gif', '雷友水', 0);
INSERT INTO `sys_user` VALUES (71, '20051210', '$2a$10$rxGXruRudDC3C0dAvo9.tuPM9SzF6z0tyaLK3QKnxMqG7glNhX.Qm', 1, 1, 1, 1, 'https://manong-authority.oss-cn-guangzhou.aliyuncs.com/avatar/default-avatar.gif', '庄蒙少', 0);
INSERT INTO `sys_user` VALUES (72, '20051211', '$2a$10$XiySx8dc8maeC9GiBghbDurXUR7zgeecB9iDjl3XuC67r9W/Pu5g6', 1, 1, 1, 1, 'https://manong-authority.oss-cn-guangzhou.aliyuncs.com/avatar/default-avatar.gif', '陈茗卓', 0);
INSERT INTO `sys_user` VALUES (73, '20051212', '$2a$10$00QE15yLPPiltYuvQ6fAVeyzrsdCzz0Zp/lXHSnrdB4nVCf2HFs7q', 1, 1, 1, 1, 'https://manong-authority.oss-cn-guangzhou.aliyuncs.com/avatar/default-avatar.gif', '梁兴力', 0);
INSERT INTO `sys_user` VALUES (74, '20051213', '$2a$10$j69GhUNpLFIsy.eEv81i3.cNHAcw0SR8ZQx/NaBijOHTjkXVBB/v.', 1, 1, 1, 1, 'https://manong-authority.oss-cn-guangzhou.aliyuncs.com/avatar/default-avatar.gif', '欧谱班', 0);
INSERT INTO `sys_user` VALUES (75, '20051214', '$2a$10$9DdTwBLLCGVqV3UFm2ghjeVxuQr.1CfnhqO2hEK3PxXREK3TfZlOq', 1, 1, 1, 1, 'https://manong-authority.oss-cn-guangzhou.aliyuncs.com/avatar/default-avatar.gif', '史霄灼', 0);
INSERT INTO `sys_user` VALUES (76, '20051215', '$2a$10$62tsps5ficFCyJ2L7l9LvO44uJ6nsPbzyA33dwXxuNMhh3C1KkLeC', 1, 1, 1, 1, 'https://manong-authority.oss-cn-guangzhou.aliyuncs.com/avatar/default-avatar.gif', '柳庭沛', 0);
INSERT INTO `sys_user` VALUES (77, '20051216', '$2a$10$3StJNyzgIxFfT3V/0012Fe41WETys84v42QCXpZkCeqN6VSSsmbfO', 1, 1, 1, 1, 'https://manong-authority.oss-cn-guangzhou.aliyuncs.com/avatar/default-avatar.gif', '宁儒熙', 0);
INSERT INTO `sys_user` VALUES (78, '20051217', '$2a$10$y8ih1Th.VqqUrkS/kN2l8elasCLdjmRHYvUDvwGZl7o7iuStDVa1i', 1, 1, 1, 1, 'https://manong-authority.oss-cn-guangzhou.aliyuncs.com/avatar/default-avatar.gif', '吴越潇', 0);
INSERT INTO `sys_user` VALUES (79, '20051218', '$2a$10$Zu92SuK703LNuHn7VTB0TO.drXs/2h4R4hOIZCBbe9FLltQyl2dpe', 1, 1, 1, 1, 'https://manong-authority.oss-cn-guangzhou.aliyuncs.com/avatar/default-avatar.gif', '刘中舟', 0);
INSERT INTO `sys_user` VALUES (80, '20051219', '$2a$10$9uAAo7xo/6q3rpVQE.PPA.Hs992XTxiDRN2CzoEkQNZad.fk.UQva', 1, 1, 1, 1, 'https://manong-authority.oss-cn-guangzhou.aliyuncs.com/avatar/default-avatar.gif', '曹讯波', 0);
INSERT INTO `sys_user` VALUES (81, '20051220', '$2a$10$Zw1K6yow2N0aorJm.1DEKua6DkbSFaTNAY/xBdVC3Q6TTPHxV/zWq', 1, 1, 1, 1, 'https://manong-authority.oss-cn-guangzhou.aliyuncs.com/avatar/default-avatar.gif', '王封安', 0);
INSERT INTO `sys_user` VALUES (82, '20051001', '$2a$10$R1SvJuF0MdPEMlILBv87TeSFQbTufacOQSkJrRSxJZmjt/4flmJEG', 1, 1, 1, 1, 'https://manong-authority.oss-cn-guangzhou.aliyuncs.com/avatar/default-avatar.gif', '郭山彤', 0);
INSERT INTO `sys_user` VALUES (83, '20051106', '$2a$10$ijwDs5qAroOCPXGWEdphEujtDvTXeevR/oHtz3nUe8.f3Fiw2N.y2', 1, 1, 1, 1, 'https://manong-authority.oss-cn-guangzhou.aliyuncs.com/avatar/default-avatar.gif', '郭山彤', 0);
INSERT INTO `sys_user` VALUES (85, '200601', '$2a$10$8EM0UugROemV8C/u0xS3c.A/OhrRO01cgoJQv.T3gXJTboZQZdEti', 1, 1, 1, 1, 'https://manong-authority.oss-cn-guangzhou.aliyuncs.com/avatar/default-avatar.gif', '钱锦宏', 2);
INSERT INTO `sys_user` VALUES (86, '200602', '$2a$10$6AZQhN5gFPqTPRL5BYo3pOZ3sKxh4Am7esRgEeuY3jPSYA2uXoDJC', 1, 1, 1, 1, 'https://manong-authority.oss-cn-guangzhou.aliyuncs.com/avatar/default-avatar.gif', '谢雄民', 2);
INSERT INTO `sys_user` VALUES (87, '200603', '$2a$10$.DfFOY4bC7T9r210jruPQOuS0ziyJSWAQ69qmcWge1UiUSR8k0Mj2', 1, 1, 1, 1, 'https://manong-authority.oss-cn-guangzhou.aliyuncs.com/avatar/default-avatar.gif', '武邦致', 2);
INSERT INTO `sys_user` VALUES (88, '200604', '$2a$10$8kx9AfQQ4z9amVZ9wvModeVGeU2BOyNDRcQe.eeqqvSMvnrb7j8lm', 1, 1, 1, 1, 'https://manong-authority.oss-cn-guangzhou.aliyuncs.com/avatar/default-avatar.gif', '穆中管', 2);
INSERT INTO `sys_user` VALUES (89, '200605', '$2a$10$g34VhrzTkKiUNt9BuTziOu6O32sDYB.PgVWLS2Mq2EB02S/zZOGpO', 1, 1, 1, 1, 'https://manong-authority.oss-cn-guangzhou.aliyuncs.com/avatar/default-avatar.gif', '许欣英', 2);
INSERT INTO `sys_user` VALUES (90, '200606', '$2a$10$pJyhU5EMJMOWcljaYu0K/uG70VlKHZ1b8Fn9mB3QulqL0dD6myTgO', 1, 1, 1, 1, 'https://manong-authority.oss-cn-guangzhou.aliyuncs.com/avatar/default-avatar.gif', '谭灶声', 2);
INSERT INTO `sys_user` VALUES (91, '200607', '$2a$10$bkDiu3qhn6eQjyfDIL9qauQSnSt0jbe51QSKGCGuWiQ4eNL5ihj2K', 1, 1, 1, 1, 'https://manong-authority.oss-cn-guangzhou.aliyuncs.com/avatar/default-avatar.gif', '吴军卓', 2);
INSERT INTO `sys_user` VALUES (92, '200608', '$2a$10$tVCYpd9t8wRfJE1mDoc4iub8.g431XfXn8rQfuCRHVXnyvl.ORLFy', 1, 1, 1, 1, 'https://manong-authority.oss-cn-guangzhou.aliyuncs.com/avatar/default-avatar.gif', '甘风力', 2);
INSERT INTO `sys_user` VALUES (93, '200609', '$2a$10$/VxyAEU0zYudPLQFc5uOyO3fX2Htv4XjeE.KHiXgREiRqGVDxAw7u', 1, 1, 1, 1, 'https://manong-authority.oss-cn-guangzhou.aliyuncs.com/avatar/default-avatar.gif', '夏落兴', 2);
INSERT INTO `sys_user` VALUES (94, '200610', '$2a$10$.sxAgSstE9Xvgk0D0OTYZu1TXh08DzPTS6ifpCgNU7llz8vmQNtZW', 1, 1, 1, 1, 'https://manong-authority.oss-cn-guangzhou.aliyuncs.com/avatar/default-avatar.gif', '卫荷', 2);
INSERT INTO `sys_user` VALUES (95, '200611', '$2a$10$OuSixnKKzkVivdovlCac2uP9Jku2ZaPFm6HZZ0GLz81oy8j6Fzosa', 1, 1, 1, 1, 'https://manong-authority.oss-cn-guangzhou.aliyuncs.com/avatar/default-avatar.gif', '穆漂徽', 2);
INSERT INTO `sys_user` VALUES (96, '200612', '$2a$10$e0Y2.J22dBkrQDzl8J6V3.BsVp1XVcI6JgiDwsa139FwZ7gPoYMDe', 1, 1, 1, 1, 'https://manong-authority.oss-cn-guangzhou.aliyuncs.com/avatar/default-avatar.gif', '谭满铿', 2);
INSERT INTO `sys_user` VALUES (97, '200613', '$2a$10$sSAkrQ2PouuzGzq6v7o15OE8golfVdetxykpgCSCrH4RTaUB5YyjO', 1, 1, 1, 1, 'https://manong-authority.oss-cn-guangzhou.aliyuncs.com/avatar/default-avatar.gif', '何望', 2);
INSERT INTO `sys_user` VALUES (98, '200614', '$2a$10$cIeKlFimS8.iMRwIjN3uRuBm7hI6OL3WxE8YPJdtXfGgiByVugKgq', 1, 1, 1, 1, 'https://manong-authority.oss-cn-guangzhou.aliyuncs.com/avatar/default-avatar.gif', '李具匡', 2);
INSERT INTO `sys_user` VALUES (99, '20061001', '$2a$10$/lL01fIWvEmXAWDH.iXjmeeDfTmvDAy5/sK6eJ1KHBsxlZWXYYCJq', 1, 1, 1, 1, 'https://manong-authority.oss-cn-guangzhou.aliyuncs.com/avatar/default-avatar.gif', '李敬辰', 0);
INSERT INTO `sys_user` VALUES (100, '20061002', '$2a$10$XUST2KQLVwwCj2rcipQwZeXcsNr2Vu6Y4dbdWRcfvjSUYdYSs5ieu', 1, 1, 1, 1, 'https://manong-authority.oss-cn-guangzhou.aliyuncs.com/avatar/default-avatar.gif', '李生锦', 0);
INSERT INTO `sys_user` VALUES (101, '20061003', '$2a$10$HPVO955TAK6KOQvJAm6wuOw6XGnAqslN4DFlQrtCrUhEiTPdzXYpG', 1, 1, 1, 1, 'https://manong-authority.oss-cn-guangzhou.aliyuncs.com/avatar/default-avatar.gif', '李霏朋', 0);
INSERT INTO `sys_user` VALUES (102, '20061004', '$2a$10$dDzQeO41qpAgq0gEQ4iufOMn9UEghhSsf63RRds5nXsIKIFT5N9ee', 1, 1, 1, 1, 'https://manong-authority.oss-cn-guangzhou.aliyuncs.com/avatar/default-avatar.gif', '李奕尧', 0);
INSERT INTO `sys_user` VALUES (103, '20061005', '$2a$10$h6wRnIzIJBY/AQ805VnESeIGWocWOPu6856Y8/1aq072JjTgZ2z8.', 1, 1, 1, 1, 'https://manong-authority.oss-cn-guangzhou.aliyuncs.com/avatar/default-avatar.gif', '李哲斌', 0);
INSERT INTO `sys_user` VALUES (104, '20061006', '$2a$10$WGgCq3v9bYv9s7DoQjDTrugx.dtcZRQL5UOvSZorb1p7dJiqmKURi', 1, 1, 1, 1, 'https://manong-authority.oss-cn-guangzhou.aliyuncs.com/avatar/default-avatar.gif', '李友梁', 0);
INSERT INTO `sys_user` VALUES (105, '20061007', '$2a$10$QCqyDINc8ON/BjRonkonxeq66rbe18VrKhglDZKE6O0rFIFZhZnkS', 1, 1, 1, 1, 'https://manong-authority.oss-cn-guangzhou.aliyuncs.com/avatar/default-avatar.gif', '李廷颂', 0);
INSERT INTO `sys_user` VALUES (106, '20061008', '$2a$10$HpVj3RULosgVIj4achxoYuQ8wh8RIcdUFojgOjeeG.WxNiusEA/Lq', 1, 1, 1, 1, 'https://manong-authority.oss-cn-guangzhou.aliyuncs.com/avatar/default-avatar.gif', '李豪盛', 0);
INSERT INTO `sys_user` VALUES (107, '20061009', '$2a$10$8c8t60GdZizd9o4sSJIhSejIZILiJ0SHPGhvS829BZbr.QgsPw8gm', 1, 1, 1, 1, 'https://manong-authority.oss-cn-guangzhou.aliyuncs.com/avatar/default-avatar.gif', '李泽康', 0);
INSERT INTO `sys_user` VALUES (108, '20061010', '$2a$10$EFBgSdLQga6Aw/WQPkPo1eKh1S4I9E3/s6QGEOecqvX0pTfsx.kSq', 1, 1, 1, 1, 'https://manong-authority.oss-cn-guangzhou.aliyuncs.com/avatar/default-avatar.gif', '李尊斌', 0);
INSERT INTO `sys_user` VALUES (109, '20061011', '$2a$10$yDdhlu6ovUnLT.3caiBDlOgnzPuGbjYUkWmmbn1.19I4gWO0/IGJS', 1, 1, 1, 1, 'https://manong-authority.oss-cn-guangzhou.aliyuncs.com/avatar/default-avatar.gif', '李宇中', 0);
INSERT INTO `sys_user` VALUES (110, '20061012', '$2a$10$ORQhOhGRa1V5XUtUOY9aKeH1jlwjrRzFMR0wZ.66X/Gvn8BtxY54W', 1, 1, 1, 1, 'https://manong-authority.oss-cn-guangzhou.aliyuncs.com/avatar/default-avatar.gif', '张冠升', 0);
INSERT INTO `sys_user` VALUES (111, '20061013', '$2a$10$hvXmxtcryJxLWTzVo9Zc..XUr9h/WI7qJJW35/yklJJqTkppq2.5y', 1, 1, 1, 1, 'https://manong-authority.oss-cn-guangzhou.aliyuncs.com/avatar/default-avatar.gif', '张若敬', 0);
INSERT INTO `sys_user` VALUES (112, '20061014', '$2a$10$xT9YWV.iuq3r4OwvLaLIUOUuVbhAqvL6by/1pgxi5pO6aS/Mc1Uqm', 1, 1, 1, 1, 'https://manong-authority.oss-cn-guangzhou.aliyuncs.com/avatar/default-avatar.gif', '张德泽', 0);
INSERT INTO `sys_user` VALUES (113, '20061015', '$2a$10$1xh5OqWQHwMUAue17M9Lx.oH6GlogXo0X3WNqaxNL.7lC7ghlOmX6', 1, 1, 1, 1, 'https://manong-authority.oss-cn-guangzhou.aliyuncs.com/avatar/default-avatar.gif', '张劲宇', 0);
INSERT INTO `sys_user` VALUES (114, '20061016', '$2a$10$QjCUkGtjFqNO5KbO1W0g0O5BHdNwjLKp825d0ONB057UjQRd21QsO', 1, 1, 1, 1, 'https://manong-authority.oss-cn-guangzhou.aliyuncs.com/avatar/default-avatar.gif', '张信生', 0);
INSERT INTO `sys_user` VALUES (115, '20061017', '$2a$10$g.Wa0ESJIctNlJ.AbXcjEu0rc7sXKL468d7owiNzDm/hjCDjFWmXm', 1, 1, 1, 1, 'https://manong-authority.oss-cn-guangzhou.aliyuncs.com/avatar/default-avatar.gif', '张正霏', 0);
INSERT INTO `sys_user` VALUES (116, '20061018', '$2a$10$LZBCWNni143L7igzX3eyWOGu6JWi48bgXMDC4lqeHihbU1AZqTHnC', 1, 1, 1, 1, 'https://manong-authority.oss-cn-guangzhou.aliyuncs.com/avatar/default-avatar.gif', '张麟佳', 0);
INSERT INTO `sys_user` VALUES (117, '20061019', '$2a$10$3zoaXVTEYFAN/cogvh8XvuW8EOp0lFH./JhuwCCuv3wlmg8OiIXN.', 1, 1, 1, 1, 'https://manong-authority.oss-cn-guangzhou.aliyuncs.com/avatar/default-avatar.gif', '张聪升', 0);
INSERT INTO `sys_user` VALUES (118, '20061020', '$2a$10$xUH/cv46hGvmVODzCTiMAOGNQymtvudeXv35SzK8Si6jNY2b0f1EC', 1, 1, 1, 1, 'https://manong-authority.oss-cn-guangzhou.aliyuncs.com/avatar/default-avatar.gif', '张宇聪', 0);
INSERT INTO `sys_user` VALUES (119, '20061101', '$2a$10$ODAvaZ7OEHp6FJbNHk9nsOfHzrVEzNrIOHJj.MnFP2QtRGRFV14re', 1, 1, 1, 1, 'https://manong-authority.oss-cn-guangzhou.aliyuncs.com/avatar/default-avatar.gif', '李成畅', 0);
INSERT INTO `sys_user` VALUES (120, '20061102', '$2a$10$M3jQLyECFvNgTC4gDSEUYeMpKNTQuWDKVcKEFsHpsKiFWcuucgjTK', 1, 1, 1, 1, 'https://manong-authority.oss-cn-guangzhou.aliyuncs.com/avatar/default-avatar.gif', '李伟山', 0);
INSERT INTO `sys_user` VALUES (121, '20061103', '$2a$10$Bj9CvKycKXZzXzPEPeIWNelylBkNKZSyjo4HuGE57SKzIGJo6ZhjC', 1, 1, 1, 1, 'https://manong-authority.oss-cn-guangzhou.aliyuncs.com/avatar/default-avatar.gif', '李金儒', 0);
INSERT INTO `sys_user` VALUES (122, '20061104', '$2a$10$Op5NJOVAj/YoRViKcqNJvOGXzXGuKMQXGkYxQtdf9Qk7MknRo08O6', 1, 1, 1, 1, 'https://manong-authority.oss-cn-guangzhou.aliyuncs.com/avatar/default-avatar.gif', '李雷乐', 0);
INSERT INTO `sys_user` VALUES (123, '20061105', '$2a$10$cDygTohHKgjIiCxOpXpY/Odv.RY06QcBAtkm21UVzPwHuYCO7fl1C', 1, 1, 1, 1, 'https://manong-authority.oss-cn-guangzhou.aliyuncs.com/avatar/default-avatar.gif', '李雷善', 0);
INSERT INTO `sys_user` VALUES (124, '20061106', '$2a$10$xSUVGCcAbKzF/mYVwkvuh.vNWrWnbVjBppUV8yf4Hm.4NRww0LLmu', 1, 1, 1, 1, 'https://manong-authority.oss-cn-guangzhou.aliyuncs.com/avatar/default-avatar.gif', '李曦树', 0);
INSERT INTO `sys_user` VALUES (125, '20061107', '$2a$10$2lkifXTvKwxPSsbf88ymbOJG/Rw2urpP0vEZ.8cYBDjHU/NAUNmLC', 1, 1, 1, 1, 'https://manong-authority.oss-cn-guangzhou.aliyuncs.com/avatar/default-avatar.gif', '李键大', 0);
INSERT INTO `sys_user` VALUES (126, '20061108', '$2a$10$/3XmQt5apPe/QwfxmK.7yuWlCBKvTOvz39m26b3JjjZjvb75fxvuC', 1, 1, 1, 1, 'https://manong-authority.oss-cn-guangzhou.aliyuncs.com/avatar/default-avatar.gif', '李力以', 0);
INSERT INTO `sys_user` VALUES (127, '20061109', '$2a$10$Rt2NpgRD6T0ssB.HhNhXwescfwX7XeExTL7V15SVrZVjWLrB2E4Xi', 1, 1, 1, 1, 'https://manong-authority.oss-cn-guangzhou.aliyuncs.com/avatar/default-avatar.gif', '李嘉志', 0);
INSERT INTO `sys_user` VALUES (128, '20061110', '$2a$10$c.nDhik28QDrDlESIRmCruTdgn/CKM/.a0LcfRX7VwcjVIfIdYIiG', 1, 1, 1, 1, 'https://manong-authority.oss-cn-guangzhou.aliyuncs.com/avatar/default-avatar.gif', '李隽元', 0);
INSERT INTO `sys_user` VALUES (129, '20061111', '$2a$10$tpYrBCXREBheGAG.Jes31uIpr6dYwhWDbhcazMWYViL3vLZg2/WlO', 1, 1, 1, 1, 'https://manong-authority.oss-cn-guangzhou.aliyuncs.com/avatar/default-avatar.gif', '李林瀚', 0);
INSERT INTO `sys_user` VALUES (130, '20061112', '$2a$10$TmApWd13c9qa7YAanyPoFOVdlrU8BeMHWr.RSe.NoJO/N3U4uW8da', 1, 1, 1, 1, 'https://manong-authority.oss-cn-guangzhou.aliyuncs.com/avatar/default-avatar.gif', '李广权', 0);
INSERT INTO `sys_user` VALUES (131, '20061113', '$2a$10$FKjrs15xlQ1inoqAsiNV/e5uwKhk27gaYfHrEmTgTMkoRJGv8Ul5a', 1, 1, 1, 1, 'https://manong-authority.oss-cn-guangzhou.aliyuncs.com/avatar/default-avatar.gif', '王驹乐', 0);
INSERT INTO `sys_user` VALUES (132, '20061114', '$2a$10$FqYCvWIgHgI8wmbo4vtRRezpjKJ71QhAgxQ/X5zJsT6xuYz1CKKbW', 1, 1, 1, 1, 'https://manong-authority.oss-cn-guangzhou.aliyuncs.com/avatar/default-avatar.gif', '王晏毅', 0);
INSERT INTO `sys_user` VALUES (133, '20061115', '$2a$10$XCkOSlsUkXAlNTvEwXhVY.rf6EpX3zzv.iwGc4yzKr6UwBHcYOOw.', 1, 1, 1, 1, 'https://manong-authority.oss-cn-guangzhou.aliyuncs.com/avatar/default-avatar.gif', '王友雨', 0);
INSERT INTO `sys_user` VALUES (134, '20061116', '$2a$10$iZb9bDewCdDNyUUbOGOLt.eHF93QTWF2FI70ahMwKQ2dIeYFyCf1a', 1, 1, 1, 1, 'https://manong-authority.oss-cn-guangzhou.aliyuncs.com/avatar/default-avatar.gif', '王青广', 0);
INSERT INTO `sys_user` VALUES (135, '20061117', '$2a$10$Wjkkhr48kOa3IrGlLcslt./YPn28lg66FL5kcYbzOWvc7T.bu8bH.', 1, 1, 1, 1, 'https://manong-authority.oss-cn-guangzhou.aliyuncs.com/avatar/default-avatar.gif', '王锌宁', 0);
INSERT INTO `sys_user` VALUES (136, '20061118', '$2a$10$VDLqoH8h5Dbm818dgB70euOSAeXZyFuLsRZolMLPEtsSaiBZWnGdq', 1, 1, 1, 1, 'https://manong-authority.oss-cn-guangzhou.aliyuncs.com/avatar/default-avatar.gif', '王虹劲', 0);
INSERT INTO `sys_user` VALUES (137, '20061119', '$2a$10$mtEx5ZYXeeKSVoMzyuo6U.BmlCKvWLdtFi5PigHL5y5SJi./lSW3S', 1, 1, 1, 1, 'https://manong-authority.oss-cn-guangzhou.aliyuncs.com/avatar/default-avatar.gif', '王驰伦', 0);
INSERT INTO `sys_user` VALUES (138, '20061120', '$2a$10$0Xf7Yb5TKZcgFOKTM9pf7.lI7Nksa3riJL63a3ncs8OMM..04rltG', 1, 1, 1, 1, 'https://manong-authority.oss-cn-guangzhou.aliyuncs.com/avatar/default-avatar.gif', '王朗宗', 0);

-- ----------------------------
-- Table structure for sys_user_role
-- ----------------------------
DROP TABLE IF EXISTS `sys_user_role`;
CREATE TABLE `sys_user_role`  (
  `user_id` int NULL DEFAULT NULL COMMENT '用户ID',
  `role_id` int NULL DEFAULT NULL COMMENT '角色ID'
) ENGINE = InnoDB CHARACTER SET = utf8 COLLATE = utf8_general_ci ROW_FORMAT = Dynamic;

-- ----------------------------
-- Records of sys_user_role
-- ----------------------------
INSERT INTO `sys_user_role` VALUES (1, 1);
INSERT INTO `sys_user_role` VALUES (7, 4);
INSERT INTO `sys_user_role` VALUES (5, 1);
INSERT INTO `sys_user_role` VALUES (8, 6);
INSERT INTO `sys_user_role` VALUES (82, 4);
INSERT INTO `sys_user_role` VALUES (23, 4);
INSERT INTO `sys_user_role` VALUES (24, 4);
INSERT INTO `sys_user_role` VALUES (25, 4);
INSERT INTO `sys_user_role` VALUES (26, 4);
INSERT INTO `sys_user_role` VALUES (27, 4);
INSERT INTO `sys_user_role` VALUES (29, 4);
INSERT INTO `sys_user_role` VALUES (30, 4);
INSERT INTO `sys_user_role` VALUES (31, 4);
INSERT INTO `sys_user_role` VALUES (28, 4);
INSERT INTO `sys_user_role` VALUES (32, 4);
INSERT INTO `sys_user_role` VALUES (33, 4);
INSERT INTO `sys_user_role` VALUES (34, 4);
INSERT INTO `sys_user_role` VALUES (35, 4);
INSERT INTO `sys_user_role` VALUES (36, 4);
INSERT INTO `sys_user_role` VALUES (37, 4);
INSERT INTO `sys_user_role` VALUES (38, 4);
INSERT INTO `sys_user_role` VALUES (39, 4);
INSERT INTO `sys_user_role` VALUES (40, 4);
INSERT INTO `sys_user_role` VALUES (41, 4);
INSERT INTO `sys_user_role` VALUES (42, 4);
INSERT INTO `sys_user_role` VALUES (43, 4);
INSERT INTO `sys_user_role` VALUES (44, 4);
INSERT INTO `sys_user_role` VALUES (45, 4);
INSERT INTO `sys_user_role` VALUES (46, 4);
INSERT INTO `sys_user_role` VALUES (48, 4);
INSERT INTO `sys_user_role` VALUES (49, 4);
INSERT INTO `sys_user_role` VALUES (50, 4);
INSERT INTO `sys_user_role` VALUES (51, 4);
INSERT INTO `sys_user_role` VALUES (83, 4);
INSERT INTO `sys_user_role` VALUES (52, 4);
INSERT INTO `sys_user_role` VALUES (53, 4);
INSERT INTO `sys_user_role` VALUES (54, 4);
INSERT INTO `sys_user_role` VALUES (55, 4);
INSERT INTO `sys_user_role` VALUES (56, 4);
INSERT INTO `sys_user_role` VALUES (57, 4);
INSERT INTO `sys_user_role` VALUES (58, 4);
INSERT INTO `sys_user_role` VALUES (59, 4);
INSERT INTO `sys_user_role` VALUES (60, 4);
INSERT INTO `sys_user_role` VALUES (61, 4);
INSERT INTO `sys_user_role` VALUES (62, 4);
INSERT INTO `sys_user_role` VALUES (63, 4);
INSERT INTO `sys_user_role` VALUES (64, 4);
INSERT INTO `sys_user_role` VALUES (65, 4);
INSERT INTO `sys_user_role` VALUES (66, 4);
INSERT INTO `sys_user_role` VALUES (67, 4);
INSERT INTO `sys_user_role` VALUES (68, 4);
INSERT INTO `sys_user_role` VALUES (69, 4);
INSERT INTO `sys_user_role` VALUES (70, 4);
INSERT INTO `sys_user_role` VALUES (71, 4);
INSERT INTO `sys_user_role` VALUES (72, 4);
INSERT INTO `sys_user_role` VALUES (73, 4);
INSERT INTO `sys_user_role` VALUES (74, 4);
INSERT INTO `sys_user_role` VALUES (75, 4);
INSERT INTO `sys_user_role` VALUES (76, 4);
INSERT INTO `sys_user_role` VALUES (77, 4);
INSERT INTO `sys_user_role` VALUES (78, 4);
INSERT INTO `sys_user_role` VALUES (79, 4);
INSERT INTO `sys_user_role` VALUES (80, 4);
INSERT INTO `sys_user_role` VALUES (81, 4);
INSERT INTO `sys_user_role` VALUES (17, 6);
INSERT INTO `sys_user_role` VALUES (19, 6);
INSERT INTO `sys_user_role` VALUES (9, 6);
INSERT INTO `sys_user_role` VALUES (10, 6);
INSERT INTO `sys_user_role` VALUES (11, 6);
INSERT INTO `sys_user_role` VALUES (6, 7);
INSERT INTO `sys_user_role` VALUES (13, 6);
INSERT INTO `sys_user_role` VALUES (15, 6);
INSERT INTO `sys_user_role` VALUES (18, 6);
INSERT INTO `sys_user_role` VALUES (16, 6);
INSERT INTO `sys_user_role` VALUES (21, 6);
INSERT INTO `sys_user_role` VALUES (20, 6);
INSERT INTO `sys_user_role` VALUES (22, 6);
INSERT INTO `sys_user_role` VALUES (12, 6);
INSERT INTO `sys_user_role` VALUES (85, 7);
INSERT INTO `sys_user_role` VALUES (86, 6);
INSERT INTO `sys_user_role` VALUES (87, 6);
INSERT INTO `sys_user_role` VALUES (88, 6);
INSERT INTO `sys_user_role` VALUES (89, 6);
INSERT INTO `sys_user_role` VALUES (90, 6);
INSERT INTO `sys_user_role` VALUES (91, 6);
INSERT INTO `sys_user_role` VALUES (92, 6);
INSERT INTO `sys_user_role` VALUES (93, 6);
INSERT INTO `sys_user_role` VALUES (94, 6);
INSERT INTO `sys_user_role` VALUES (95, 6);
INSERT INTO `sys_user_role` VALUES (96, 6);
INSERT INTO `sys_user_role` VALUES (97, 6);
INSERT INTO `sys_user_role` VALUES (98, 6);
INSERT INTO `sys_user_role` VALUES (99, 4);
INSERT INTO `sys_user_role` VALUES (100, 4);
INSERT INTO `sys_user_role` VALUES (101, 4);
INSERT INTO `sys_user_role` VALUES (102, 4);
INSERT INTO `sys_user_role` VALUES (103, 4);
INSERT INTO `sys_user_role` VALUES (104, 4);
INSERT INTO `sys_user_role` VALUES (105, 4);
INSERT INTO `sys_user_role` VALUES (106, 4);
INSERT INTO `sys_user_role` VALUES (107, 4);
INSERT INTO `sys_user_role` VALUES (108, 4);
INSERT INTO `sys_user_role` VALUES (109, 4);
INSERT INTO `sys_user_role` VALUES (110, 4);
INSERT INTO `sys_user_role` VALUES (111, 4);
INSERT INTO `sys_user_role` VALUES (112, 4);
INSERT INTO `sys_user_role` VALUES (113, 4);
INSERT INTO `sys_user_role` VALUES (114, 4);
INSERT INTO `sys_user_role` VALUES (115, 4);
INSERT INTO `sys_user_role` VALUES (116, 4);
INSERT INTO `sys_user_role` VALUES (117, 4);
INSERT INTO `sys_user_role` VALUES (118, 4);
INSERT INTO `sys_user_role` VALUES (119, 4);
INSERT INTO `sys_user_role` VALUES (120, 4);
INSERT INTO `sys_user_role` VALUES (121, 4);
INSERT INTO `sys_user_role` VALUES (122, 4);
INSERT INTO `sys_user_role` VALUES (123, 4);
INSERT INTO `sys_user_role` VALUES (124, 4);
INSERT INTO `sys_user_role` VALUES (125, 4);
INSERT INTO `sys_user_role` VALUES (126, 4);
INSERT INTO `sys_user_role` VALUES (127, 4);
INSERT INTO `sys_user_role` VALUES (128, 4);
INSERT INTO `sys_user_role` VALUES (129, 4);
INSERT INTO `sys_user_role` VALUES (130, 4);
INSERT INTO `sys_user_role` VALUES (131, 4);
INSERT INTO `sys_user_role` VALUES (132, 4);
INSERT INTO `sys_user_role` VALUES (133, 4);
INSERT INTO `sys_user_role` VALUES (134, 4);
INSERT INTO `sys_user_role` VALUES (135, 4);
INSERT INTO `sys_user_role` VALUES (136, 4);
INSERT INTO `sys_user_role` VALUES (138, 4);
INSERT INTO `sys_user_role` VALUES (137, 4);

SET FOREIGN_KEY_CHECKS = 1;
